-- phpMyAdmin SQL Dump
-- version 5.2.1
-- https://www.phpmyadmin.net/
--
-- Host: 127.0.0.1:3306
-- Generation Time: Oct 30, 2024 at 05:26 PM
-- Server version: 10.11.9-MariaDB
-- PHP Version: 7.2.34

SET SQL_MODE = "NO_AUTO_VALUE_ON_ZERO";
START TRANSACTION;
SET time_zone = "+00:00";


/*!40101 SET @OLD_CHARACTER_SET_CLIENT=@@CHARACTER_SET_CLIENT */;
/*!40101 SET @OLD_CHARACTER_SET_RESULTS=@@CHARACTER_SET_RESULTS */;
/*!40101 SET @OLD_COLLATION_CONNECTION=@@COLLATION_CONNECTION */;
/*!40101 SET NAMES utf8mb4 */;

--
-- Database: `u897086378_LINEBEACONDB`
--

-- --------------------------------------------------------

--
-- Table structure for table `beacon`
--

CREATE TABLE `beacon` (
  `dm` varchar(255) NOT NULL,
  `beacon_name` varchar(255) DEFAULT NULL,
  `beacon_place` varchar(255) DEFAULT NULL,
  `beacon_status` enum('enable','disable') NOT NULL,
  `created_at` timestamp NULL DEFAULT current_timestamp()
) ENGINE=InnoDB DEFAULT CHARSET=utf8mb4 COLLATE=utf8mb4_unicode_ci;

--
-- Dumping data for table `beacon`
--

INSERT INTO `beacon` (`dm`, `beacon_name`, `beacon_place`, `beacon_status`, `created_at`) VALUES
('a0a3b32fadf2', 'becon02', 'ประตูทางเข้า', 'enable', '2024-10-01 17:49:22'),
('a0a3b33145fe ', 'Becon03', 'ทางขึ้นบรรได', 'disable', '2024-10-08 16:21:14');

-- --------------------------------------------------------

--
-- Table structure for table `beacon_events`
--

CREATE TABLE `beacon_events` (
  `user_id` varchar(255) NOT NULL,
  `hwid` varchar(255) NOT NULL,
  `type` varchar(255) NOT NULL,
  `dm` varchar(255) NOT NULL,
  `datetimeregis` timestamp NOT NULL DEFAULT current_timestamp()
) ENGINE=InnoDB DEFAULT CHARSET=utf8mb4 COLLATE=utf8mb4_unicode_ci;

--
-- Dumping data for table `beacon_events`
--

INSERT INTO `beacon_events` (`user_id`, `hwid`, `type`, `dm`, `datetimeregis`) VALUES
('Ubc4a1c25369f55b03fdc4287acb58630', '0176fdf975', 'enter', 'a0a3b32fadf2', '2024-07-15 15:41:59'),
('Ubc4a1c25369f55b03fdc4287acb58630', '0176fdf975', 'enter', 'a0a3b32fadf2', '2024-07-15 15:43:01'),
('Uab26a9e7e39322790615621984b5dc21', '0176fdf975', 'enter', 'a0a3b32fadf2', '2024-07-15 15:43:35'),
('Ubc4a1c25369f55b03fdc4287acb58630', '0176fdf975', 'enter', 'a0a3b32fadf2', '2024-07-15 15:44:03'),
('Ubc4a1c25369f55b03fdc4287acb58630', '0176fdf975', 'enter', 'a0a3b32fadf2', '2024-07-15 15:45:05'),
('Ubc4a1c25369f55b03fdc4287acb58630', '0176fdf975', 'enter', 'a0a3b32fadf2', '2024-07-15 15:46:08'),
('Ubc4a1c25369f55b03fdc4287acb58630', '0176fdf975', 'enter', 'a0a3b32fadf2', '2024-07-15 15:47:09'),
('Ubc4a1c25369f55b03fdc4287acb58630', '0176fdf975', 'enter', 'a0a3b32fadf2', '2024-07-15 15:48:11'),
('Ubc4a1c25369f55b03fdc4287acb58630', '0176fdf975', 'enter', 'a0a3b32fadf2', '2024-07-15 15:49:13'),
('Ubc4a1c25369f55b03fdc4287acb58630', '0176fdf975', 'enter', 'a0a3b32fadf2', '2024-07-15 15:50:16'),
('Ubc4a1c25369f55b03fdc4287acb58630', '0176fdf975', 'enter', 'a0a3b32fadf2', '2024-07-15 15:51:18'),
('Ubc4a1c25369f55b03fdc4287acb58630', '0176fdf975', 'enter', 'a0a3b32fadf2', '2024-07-15 15:51:51'),
('Ubc4a1c25369f55b03fdc4287acb58630', '0176fdf975', 'enter', 'a0a3b32fadf2', '2024-07-15 15:53:22'),
('Ubc4a1c25369f55b03fdc4287acb58630', '0176fdf975', 'enter', 'a0a3b32fadf2', '2024-07-15 15:54:23'),
('Ubc4a1c25369f55b03fdc4287acb58630', '0176fdf975', 'enter', 'a0a3b32fadf2', '2024-07-15 15:55:26'),
('Ubc4a1c25369f55b03fdc4287acb58630', '0176fdf975', 'enter', 'a0a3b32fadf2', '2024-07-15 15:56:28'),
('Ubc4a1c25369f55b03fdc4287acb58630', '0176fdf975', 'enter', 'a0a3b32fadf2', '2024-07-15 15:57:30'),
('Ubc4a1c25369f55b03fdc4287acb58630', '0176fdf975', 'enter', 'a0a3b32fadf2', '2024-07-19 10:52:28'),
('Ubc4a1c25369f55b03fdc4287acb58630', '0176fdf975', 'enter', 'a0a3b32fadf2', '2024-07-19 15:25:50'),
('Ubc4a1c25369f55b03fdc4287acb58630', '0176fdf975', 'enter', 'a0a3b32fadf2', '2024-07-19 15:41:14'),
('Uab26a9e7e39322790615621984b5dc21', '0176fdf975', 'enter', 'a0a3b32fadf2', '2024-07-23 15:49:42'),
('Uab26a9e7e39322790615621984b5dc21', '0176fdf975', 'enter', 'a0a3b32fadf2', '2024-07-23 15:51:28'),
('Uab26a9e7e39322790615621984b5dc21', '0176fdf975', 'enter', 'a0a3b32fadf2', '2024-07-23 15:52:31'),
('Uab26a9e7e39322790615621984b5dc21', '0176fdf975', 'enter', 'a0a3b32fadf2', '2024-07-23 15:53:33'),
('Uab26a9e7e39322790615621984b5dc21', '0176fdf975', 'enter', 'a0a3b32fadf2', '2024-07-23 15:54:35'),
('Uab26a9e7e39322790615621984b5dc21', '0176fdf975', 'enter', 'a0a3b32fadf2', '2024-07-23 15:55:37'),
('Uab26a9e7e39322790615621984b5dc21', '0176fdf975', 'enter', 'a0a3b32fadf2', '2024-07-23 15:56:39'),
('Uab26a9e7e39322790615621984b5dc21', '0176fdf975', 'enter', 'a0a3b32fadf2', '2024-07-23 15:57:41'),
('Uab26a9e7e39322790615621984b5dc21', '0176fdf975', 'enter', 'a0a3b32fadf2', '2024-07-23 15:58:43'),
('Uab26a9e7e39322790615621984b5dc21', '0176fdf975', 'enter', 'a0a3b32fadf2', '2024-07-23 16:00:47'),
('Uab26a9e7e39322790615621984b5dc21', '0176fdf975', 'enter', 'a0a3b32fadf2', '2024-07-23 16:01:49'),
('Uab26a9e7e39322790615621984b5dc21', '0176fdf975', 'enter', 'a0a3b32fadf2', '2024-07-23 16:02:51'),
('Uab26a9e7e39322790615621984b5dc21', '0176fdf975', 'enter', 'a0a3b32fadf2', '2024-07-23 16:03:53'),
('Uab26a9e7e39322790615621984b5dc21', '0176fdf975', 'enter', 'a0a3b32fadf2', '2024-07-23 16:04:55'),
('Uab26a9e7e39322790615621984b5dc21', '0176fdf975', 'enter', 'a0a3b32fadf2', '2024-07-23 16:05:46'),
('Uab26a9e7e39322790615621984b5dc21', '0176fdf975', 'enter', 'a0a3b32fadf2', '2024-07-23 16:06:58'),
('Uab26a9e7e39322790615621984b5dc21', '0176fdf975', 'enter', 'a0a3b32fadf2', '2024-08-07 07:20:04'),
('Uab26a9e7e39322790615621984b5dc21', '0176fdf975', 'enter', 'a0a3b32fadf2', '2024-08-07 07:20:14'),
('Uab26a9e7e39322790615621984b5dc21', '0176fdf975', 'enter', 'a0a3b32fadf2', '2024-08-07 07:21:05'),
('Uab26a9e7e39322790615621984b5dc21', '0176fdf975', 'enter', 'a0a3b32fadf2', '2024-08-07 07:22:08'),
('Uab26a9e7e39322790615621984b5dc21', '0176fdf975', 'enter', 'a0a3b32fadf2', '2024-08-07 07:23:09'),
('Uab26a9e7e39322790615621984b5dc21', '0176fdf975', 'enter', 'a0a3b32fadf2', '2024-08-07 07:24:12'),
('Uab26a9e7e39322790615621984b5dc21', '0176fdf975', 'enter', 'a0a3b32fadf2', '2024-08-07 07:25:14'),
('Uab26a9e7e39322790615621984b5dc21', '0176fdf975', 'enter', 'a0a3b32fadf2', '2024-08-07 07:26:16'),
('Uab26a9e7e39322790615621984b5dc21', '0176fdf975', 'enter', 'a0a3b32fadf2', '2024-08-07 07:27:18'),
('Uab26a9e7e39322790615621984b5dc21', '0176fdf975', 'enter', 'a0a3b32fadf2', '2024-08-07 07:28:20'),
('Uab26a9e7e39322790615621984b5dc21', '0176fdf975', 'enter', 'a0a3b32fadf2', '2024-08-07 07:29:23'),
('Uab26a9e7e39322790615621984b5dc21', '0176fdf975', 'enter', 'a0a3b32fadf2', '2024-08-07 07:30:24'),
('Uab26a9e7e39322790615621984b5dc21', '0176fdf975', 'enter', 'a0a3b32fadf2', '2024-08-07 07:31:26'),
('Uab26a9e7e39322790615621984b5dc21', '0176fdf975', 'enter', 'a0a3b32fadf2', '2024-08-07 07:32:28'),
('Uab26a9e7e39322790615621984b5dc21', '0176fdf975', 'enter', 'a0a3b32fadf2', '2024-08-07 07:33:30'),
('Uab26a9e7e39322790615621984b5dc21', '0176fdf975', 'enter', 'a0a3b32fadf2', '2024-08-07 07:34:32'),
('Uab26a9e7e39322790615621984b5dc21', '0176fdf975', 'enter', 'a0a3b32fadf2', '2024-08-07 07:35:34'),
('U07008a0563bb85ce8ae1f89e50df8b98', '0176fdf975', 'enter', 'a0a3b32fadf2', '2024-08-07 08:04:32'),
('U07008a0563bb85ce8ae1f89e50df8b98', '0176fdf975', 'enter', 'a0a3b32fadf2', '2024-08-07 08:05:35'),
('U07008a0563bb85ce8ae1f89e50df8b98', '0176fdf975', 'enter', 'a0a3b32fadf2', '2024-08-07 08:06:37'),
('U07008a0563bb85ce8ae1f89e50df8b98', '0176fdf975', 'enter', 'a0a3b32fadf2', '2024-08-07 08:07:39'),
('U07008a0563bb85ce8ae1f89e50df8b98', '0176fdf975', 'enter', 'a0a3b32fadf2', '2024-08-07 08:08:41'),
('U07008a0563bb85ce8ae1f89e50df8b98', '0176fdf975', 'enter', 'a0a3b32fadf2', '2024-08-07 08:09:43'),
('U07008a0563bb85ce8ae1f89e50df8b98', '0176fdf975', 'enter', 'a0a3b32fadf2', '2024-08-07 08:10:45'),
('U07008a0563bb85ce8ae1f89e50df8b98', '0176fdf975', 'enter', 'a0a3b32fadf2', '2024-08-07 08:11:47'),
('U07008a0563bb85ce8ae1f89e50df8b98', '0176fdf975', 'enter', 'a0a3b32fadf2', '2024-08-07 08:12:49'),
('U07008a0563bb85ce8ae1f89e50df8b98', '0176fdf975', 'enter', 'a0a3b32fadf2', '2024-08-07 08:13:51'),
('U07008a0563bb85ce8ae1f89e50df8b98', '0176fdf975', 'enter', 'a0a3b32fadf2', '2024-08-07 08:14:53'),
('U07008a0563bb85ce8ae1f89e50df8b98', '0176fdf975', 'enter', 'a0a3b32fadf2', '2024-08-07 08:15:55'),
('U07008a0563bb85ce8ae1f89e50df8b98', '0176fdf975', 'enter', 'a0a3b32fadf2', '2024-08-07 08:17:58'),
('U07008a0563bb85ce8ae1f89e50df8b98', '0176fdf975', 'enter', 'a0a3b32fadf2', '2024-08-07 08:19:00'),
('U07008a0563bb85ce8ae1f89e50df8b98', '0176fdf975', 'enter', 'a0a3b32fadf2', '2024-08-07 08:20:02'),
('U823103776e4a0077285b1863b709f4a2', '0176fdf975', 'enter', 'a0a3b32fadf2', '2024-10-04 10:25:42'),
('U5b265392d3e9389ff419a901dbeb4e90', '0176fdf975', 'enter', 'a0a3b32fadf2', '2024-10-04 10:26:01'),
('U823103776e4a0077285b1863b709f4a2', '0176fdf975', 'enter', 'a0a3b32fadf2', '2024-10-04 10:26:44'),
('U823103776e4a0077285b1863b709f4a2', '0176fdf975', 'enter', 'a0a3b32fadf2', '2024-10-04 10:27:45'),
('U823103776e4a0077285b1863b709f4a2', '0176fdf975', 'enter', 'a0a3b32fadf2', '2024-10-04 10:28:48'),
('U823103776e4a0077285b1863b709f4a2', '0176fdf975', 'enter', 'a0a3b32fadf2', '2024-10-04 10:29:50'),
('U823103776e4a0077285b1863b709f4a2', '0176fdf975', 'enter', 'a0a3b32fadf2', '2024-10-04 10:30:51'),
('U823103776e4a0077285b1863b709f4a2', '0176fdf975', 'enter', 'a0a3b32fadf2', '2024-10-04 10:31:53'),
('U823103776e4a0077285b1863b709f4a2', '0176fdf975', 'enter', 'a0a3b32fadf2', '2024-10-04 10:32:55'),
('U823103776e4a0077285b1863b709f4a2', '0176fdf975', 'enter', 'a0a3b32fadf2', '2024-10-04 10:33:58'),
('U823103776e4a0077285b1863b709f4a2', '0176fdf975', 'enter', 'a0a3b32fadf2', '2024-10-04 10:35:00'),
('U823103776e4a0077285b1863b709f4a2', '0176fdf975', 'enter', 'a0a3b32fadf2', '2024-10-04 10:36:02'),
('U823103776e4a0077285b1863b709f4a2', '0176fdf975', 'enter', 'a0a3b32fadf2', '2024-10-04 10:37:04'),
('U823103776e4a0077285b1863b709f4a2', '0176fdf975', 'enter', 'a0a3b32fadf2', '2024-10-04 10:38:06'),
('U823103776e4a0077285b1863b709f4a2', '0176fdf975', 'enter', 'a0a3b32fadf2', '2024-10-04 10:38:57'),
('U823103776e4a0077285b1863b709f4a2', '0176fdf975', 'enter', 'a0a3b32fadf2', '2024-10-04 10:40:10'),
('U823103776e4a0077285b1863b709f4a2', '0176fdf975', 'enter', 'a0a3b32fadf2', '2024-10-04 10:41:12'),
('U5b265392d3e9389ff419a901dbeb4e90', '0176fdf975', 'enter', 'a0a3b32fadf2', '2024-10-04 11:06:03'),
('U5b265392d3e9389ff419a901dbeb4e90', '0176fdf975', 'enter', 'a0a3b32fadf2', '2024-10-04 11:06:19'),
('U5b265392d3e9389ff419a901dbeb4e90', '0176fdf975', 'enter', 'a0a3b32fadf2', '2024-10-04 11:07:05'),
('U5b265392d3e9389ff419a901dbeb4e90', '0176fdf975', 'enter', 'a0a3b32fadf2', '2024-10-04 11:08:43'),
('U823103776e4a0077285b1863b709f4a2', '0176fdf975', 'enter', 'a0a3b32fadf2', '2024-10-04 11:08:45'),
('U5b265392d3e9389ff419a901dbeb4e90', '0176fdf975', 'enter', 'a0a3b32fadf2', '2024-10-04 11:09:08'),
('U5b265392d3e9389ff419a901dbeb4e90', '0176fdf975', 'enter', 'a0a3b32fadf2', '2024-10-04 11:09:45'),
('U5b265392d3e9389ff419a901dbeb4e90', '0176fdf975', 'enter', 'a0a3b32fadf2', '2024-10-04 11:10:00'),
('U5b265392d3e9389ff419a901dbeb4e90', '0176fdf975', 'enter', 'a0a3b32fadf2', '2024-10-04 11:10:10'),
('U823103776e4a0077285b1863b709f4a2', '0176fdf975', 'enter', 'a0a3b32fadf2', '2024-10-04 11:10:14'),
('U5b265392d3e9389ff419a901dbeb4e90', '0176fdf975', 'enter', 'a0a3b32fadf2', '2024-10-04 11:10:47'),
('U5b265392d3e9389ff419a901dbeb4e90', '0176fdf975', 'enter', 'a0a3b32fadf2', '2024-10-04 11:11:49'),
('U5b265392d3e9389ff419a901dbeb4e90', '0176fdf975', 'enter', 'a0a3b32fadf2', '2024-10-04 11:12:13'),
('U5b265392d3e9389ff419a901dbeb4e90', '0176fdf975', 'enter', 'a0a3b32fadf2', '2024-10-04 11:12:52'),
('U5b265392d3e9389ff419a901dbeb4e90', '0176fdf975', 'enter', 'a0a3b32fadf2', '2024-10-04 11:13:15'),
('U5b265392d3e9389ff419a901dbeb4e90', '0176fdf975', 'enter', 'a0a3b32fadf2', '2024-10-04 11:13:53'),
('U5b265392d3e9389ff419a901dbeb4e90', '0176fdf975', 'enter', 'a0a3b32fadf2', '2024-10-04 11:14:16'),
('U5b265392d3e9389ff419a901dbeb4e90', '0176fdf975', 'enter', 'a0a3b32fadf2', '2024-10-04 11:14:56'),
('U5b265392d3e9389ff419a901dbeb4e90', '0176fdf975', 'enter', 'a0a3b32fadf2', '2024-10-04 11:15:19'),
('U5b265392d3e9389ff419a901dbeb4e90', '0176fdf975', 'enter', 'a0a3b32fadf2', '2024-10-04 11:15:58'),
('U5b265392d3e9389ff419a901dbeb4e90', '0176fdf975', 'enter', 'a0a3b32fadf2', '2024-10-04 11:16:20'),
('U5b265392d3e9389ff419a901dbeb4e90', '0176fdf975', 'enter', 'a0a3b32fadf2', '2024-10-04 11:16:59'),
('U5b265392d3e9389ff419a901dbeb4e90', '0176fdf975', 'enter', 'a0a3b32fadf2', '2024-10-04 11:18:01'),
('U5b265392d3e9389ff419a901dbeb4e90', '0176fdf975', 'enter', 'a0a3b32fadf2', '2024-10-04 11:18:24'),
('U5b265392d3e9389ff419a901dbeb4e90', '0176fdf975', 'enter', 'a0a3b32fadf2', '2024-10-04 11:19:03'),
('U5b265392d3e9389ff419a901dbeb4e90', '0176fdf975', 'enter', 'a0a3b32fadf2', '2024-10-04 11:19:26'),
('U5b265392d3e9389ff419a901dbeb4e90', '0176fdf975', 'enter', 'a0a3b32fadf2', '2024-10-04 11:20:06'),
('U5b265392d3e9389ff419a901dbeb4e90', '0176fdf975', 'enter', 'a0a3b32fadf2', '2024-10-04 11:20:28'),
('U5b265392d3e9389ff419a901dbeb4e90', '0176fdf975', 'enter', 'a0a3b32fadf2', '2024-10-04 11:21:07'),
('U5b265392d3e9389ff419a901dbeb4e90', '0176fdf975', 'enter', 'a0a3b32fadf2', '2024-10-04 11:22:09'),
('U5b265392d3e9389ff419a901dbeb4e90', '0176fdf975', 'enter', 'a0a3b32fadf2', '2024-10-04 11:23:11'),
('U5b265392d3e9389ff419a901dbeb4e90', '0176fdf975', 'enter', 'a0a3b32fadf2', '2024-10-04 11:30:15'),
('U823103776e4a0077285b1863b709f4a2', '0176fdf975', 'enter', 'a0a3b32fadf2', '2024-10-04 11:34:44'),
('U5b265392d3e9389ff419a901dbeb4e90', '0176fdf975', 'enter', 'a0a3b32fadf2', '2024-10-04 11:35:42'),
('U823103776e4a0077285b1863b709f4a2', '0176fdf975', 'enter', 'a0a3b32fadf2', '2024-10-04 11:36:06'),
('U5b265392d3e9389ff419a901dbeb4e90', '0176fdf975', 'enter', 'a0a3b32fadf2', '2024-10-04 11:36:13'),
('U5b265392d3e9389ff419a901dbeb4e90', '0176fdf975', 'enter', 'a0a3b32fadf2', '2024-10-04 11:36:45'),
('U823103776e4a0077285b1863b709f4a2', '0176fdf975', 'enter', 'a0a3b32fadf2', '2024-10-04 11:37:09'),
('U5b265392d3e9389ff419a901dbeb4e90', '0176fdf975', 'enter', 'a0a3b32fadf2', '2024-10-04 11:37:46'),
('U823103776e4a0077285b1863b709f4a2', '0176fdf975', 'enter', 'a0a3b32fadf2', '2024-10-04 11:38:10'),
('U823103776e4a0077285b1863b709f4a2', '0176fdf975', 'enter', 'a0a3b32fadf2', '2024-10-04 11:38:43'),
('U5b265392d3e9389ff419a901dbeb4e90', '0176fdf975', 'enter', 'a0a3b32fadf2', '2024-10-04 11:38:48'),
('U823103776e4a0077285b1863b709f4a2', '0176fdf975', 'enter', 'a0a3b32fadf2', '2024-10-04 11:39:12'),
('U823103776e4a0077285b1863b709f4a2', '0176fdf975', 'enter', 'a0a3b32fadf2', '2024-10-04 11:39:45'),
('U5b265392d3e9389ff419a901dbeb4e90', '0176fdf975', 'enter', 'a0a3b32fadf2', '2024-10-04 11:39:50'),
('U823103776e4a0077285b1863b709f4a2', '0176fdf975', 'enter', 'a0a3b32fadf2', '2024-10-04 11:40:14'),
('U5b265392d3e9389ff419a901dbeb4e90', '0176fdf975', 'enter', 'a0a3b32fadf2', '2024-10-04 11:40:51'),
('U823103776e4a0077285b1863b709f4a2', '0176fdf975', 'enter', 'a0a3b32fadf2', '2024-10-04 11:41:16'),
('U823103776e4a0077285b1863b709f4a2', '0176fdf975', 'enter', 'a0a3b32fadf2', '2024-10-04 11:41:49'),
('U5b265392d3e9389ff419a901dbeb4e90', '0176fdf975', 'enter', 'a0a3b32fadf2', '2024-10-04 11:41:53'),
('U823103776e4a0077285b1863b709f4a2', '0176fdf975', 'enter', 'a0a3b32fadf2', '2024-10-04 11:42:17'),
('U5b265392d3e9389ff419a901dbeb4e90', '0176fdf975', 'enter', 'a0a3b32fadf2', '2024-10-04 11:42:36'),
('U823103776e4a0077285b1863b709f4a2', '0176fdf975', 'enter', 'a0a3b32fadf2', '2024-10-04 11:42:40'),
('U823103776e4a0077285b1863b709f4a2', '0176fdf975', 'enter', 'a0a3b32fadf2', '2024-10-04 11:42:51'),
('U5b265392d3e9389ff419a901dbeb4e90', '0176fdf975', 'enter', 'a0a3b32fadf2', '2024-10-04 11:42:56'),
('U823103776e4a0077285b1863b709f4a2', '0176fdf975', 'enter', 'a0a3b32fadf2', '2024-10-04 11:43:19'),
('U823103776e4a0077285b1863b709f4a2', '0176fdf975', 'enter', 'a0a3b32fadf2', '2024-10-04 11:43:52'),
('U5b265392d3e9389ff419a901dbeb4e90', '0176fdf975', 'enter', 'a0a3b32fadf2', '2024-10-04 11:43:57'),
('U823103776e4a0077285b1863b709f4a2', '0176fdf975', 'enter', 'a0a3b32fadf2', '2024-10-04 11:44:21'),
('U5b265392d3e9389ff419a901dbeb4e90', '0176fdf975', 'enter', 'a0a3b32fadf2', '2024-10-04 11:44:40'),
('U823103776e4a0077285b1863b709f4a2', '0176fdf975', 'enter', 'a0a3b32fadf2', '2024-10-04 11:44:47'),
('U823103776e4a0077285b1863b709f4a2', '0176fdf975', 'enter', 'a0a3b32fadf2', '2024-10-04 11:44:53'),
('U5b265392d3e9389ff419a901dbeb4e90', '0176fdf975', 'enter', 'a0a3b32fadf2', '2024-10-04 11:44:58'),
('U823103776e4a0077285b1863b709f4a2', '0176fdf975', 'enter', 'a0a3b32fadf2', '2024-10-04 11:45:23'),
('U823103776e4a0077285b1863b709f4a2', '0176fdf975', 'enter', 'a0a3b32fadf2', '2024-10-04 11:45:55'),
('U5b265392d3e9389ff419a901dbeb4e90', '0176fdf975', 'enter', 'a0a3b32fadf2', '2024-10-04 11:45:59'),
('U823103776e4a0077285b1863b709f4a2', '0176fdf975', 'enter', 'a0a3b32fadf2', '2024-10-04 11:46:24'),
('U5b265392d3e9389ff419a901dbeb4e90', '0176fdf975', 'enter', 'a0a3b32fadf2', '2024-10-04 11:46:40'),
('U823103776e4a0077285b1863b709f4a2', '0176fdf975', 'enter', 'a0a3b32fadf2', '2024-10-04 11:46:40'),
('U5b265392d3e9389ff419a901dbeb4e90', '0176fdf975', 'enter', 'a0a3b32fadf2', '2024-10-04 11:47:01'),
('U823103776e4a0077285b1863b709f4a2', '0176fdf975', 'enter', 'a0a3b32fadf2', '2024-10-04 11:47:25'),
('U823103776e4a0077285b1863b709f4a2', '0176fdf975', 'enter', 'a0a3b32fadf2', '2024-10-04 11:47:58'),
('U5b265392d3e9389ff419a901dbeb4e90', '0176fdf975', 'enter', 'a0a3b32fadf2', '2024-10-04 11:48:03'),
('U823103776e4a0077285b1863b709f4a2', '0176fdf975', 'enter', 'a0a3b32fadf2', '2024-10-04 11:48:27'),
('U823103776e4a0077285b1863b709f4a2', '0176fdf975', 'enter', 'a0a3b32fadf2', '2024-10-04 11:48:59'),
('U5b265392d3e9389ff419a901dbeb4e90', '0176fdf975', 'enter', 'a0a3b32fadf2', '2024-10-04 11:49:04'),
('U823103776e4a0077285b1863b709f4a2', '0176fdf975', 'enter', 'a0a3b32fadf2', '2024-10-04 11:49:29'),
('U823103776e4a0077285b1863b709f4a2', '0176fdf975', 'enter', 'a0a3b32fadf2', '2024-10-04 11:50:01'),
('U5b265392d3e9389ff419a901dbeb4e90', '0176fdf975', 'enter', 'a0a3b32fadf2', '2024-10-04 11:50:06'),
('U823103776e4a0077285b1863b709f4a2', '0176fdf975', 'enter', 'a0a3b32fadf2', '2024-10-04 11:50:31'),
('U823103776e4a0077285b1863b709f4a2', '0176fdf975', 'enter', 'a0a3b32fadf2', '2024-10-04 11:51:02'),
('U823103776e4a0077285b1863b709f4a2', '0176fdf975', 'enter', 'a0a3b32fadf2', '2024-10-04 11:51:32'),
('U823103776e4a0077285b1863b709f4a2', '0176fdf975', 'enter', 'a0a3b32fadf2', '2024-10-04 11:52:04'),
('U823103776e4a0077285b1863b709f4a2', '0176fdf975', 'enter', 'a0a3b32fadf2', '2024-10-04 11:54:08'),
('Ue13aa3cd3fd5a5e1d4743d8621d48c55', '0176fdf975', 'enter', 'a0a3b33145fe', '2024-10-07 20:52:08'),
('Ue13aa3cd3fd5a5e1d4743d8621d48c55', '0176fdf975', 'enter', 'a0a3b33145fe', '2024-10-07 20:56:36'),
('Ue13aa3cd3fd5a5e1d4743d8621d48c55', '0176fdf975', 'enter', 'a0a3b33145fe', '2024-10-07 20:57:38'),
('Ue13aa3cd3fd5a5e1d4743d8621d48c55', '0176fdf975', 'enter', 'a0a3b33145fe', '2024-10-07 20:58:39'),
('Ue13aa3cd3fd5a5e1d4743d8621d48c55', '0176fdf975', 'enter', 'a0a3b33145fe', '2024-10-07 20:59:42'),
('Ue13aa3cd3fd5a5e1d4743d8621d48c55', '0176fdf975', 'enter', 'a0a3b33145fe', '2024-10-07 21:00:43'),
('Ue13aa3cd3fd5a5e1d4743d8621d48c55', '0176fdf975', 'enter', 'a0a3b33145fe', '2024-10-07 21:04:51'),
('Ue13aa3cd3fd5a5e1d4743d8621d48c55', '0176fdf975', 'enter', 'a0a3b33145fe', '2024-10-07 21:06:47'),
('Ue13aa3cd3fd5a5e1d4743d8621d48c55', '0176fdf975', 'enter', 'a0a3b33145fe', '2024-10-07 21:06:53'),
('Ue13aa3cd3fd5a5e1d4743d8621d48c55', '0176fdf975', 'enter', 'a0a3b32fadf2', '2024-10-07 21:07:28'),
('Ue13aa3cd3fd5a5e1d4743d8621d48c55', '0176fdf975', 'enter', 'a0a3b33145fe', '2024-10-07 21:07:49'),
('Ue13aa3cd3fd5a5e1d4743d8621d48c55', '0176fdf975', 'enter', 'a0a3b33145fe', '2024-10-07 21:07:54'),
('Ue13aa3cd3fd5a5e1d4743d8621d48c55', '0176fdf975', 'enter', 'a0a3b33145fe', '2024-10-07 21:10:55'),
('Ue13aa3cd3fd5a5e1d4743d8621d48c55', '0176fdf975', 'enter', 'a0a3b33145fe', '2024-10-07 21:10:58'),
('Ue13aa3cd3fd5a5e1d4743d8621d48c55', '0176fdf975', 'enter', 'a0a3b32fadf2', '2024-10-07 21:11:10'),
('Ue13aa3cd3fd5a5e1d4743d8621d48c55', '0176fdf975', 'enter', 'a0a3b33145fe', '2024-10-07 21:11:56'),
('Ue13aa3cd3fd5a5e1d4743d8621d48c55', '0176fdf975', 'enter', 'a0a3b33145fe', '2024-10-07 21:11:59'),
('Ue13aa3cd3fd5a5e1d4743d8621d48c55', '0176fdf975', 'enter', 'a0a3b33145fe', '2024-10-07 21:13:01'),
('Ue13aa3cd3fd5a5e1d4743d8621d48c55', '0176fdf975', 'enter', 'a0a3b33145fe', '2024-10-07 21:14:04'),
('Ue13aa3cd3fd5a5e1d4743d8621d48c55', '0176fdf975', 'enter', 'a0a3b32fadf2', '2024-10-07 21:43:31'),
('Ue13aa3cd3fd5a5e1d4743d8621d48c55', '0176fdf975', 'enter', 'a0a3b32fadf2', '2024-10-07 21:43:52'),
('Ue13aa3cd3fd5a5e1d4743d8621d48c55', '0176fdf975', 'enter', 'a0a3b32fadf2', '2024-10-07 21:44:34'),
('Ue13aa3cd3fd5a5e1d4743d8621d48c55', '0176fdf975', 'enter', 'a0a3b32fadf2', '2024-10-07 21:44:53'),
('Ue13aa3cd3fd5a5e1d4743d8621d48c55', '0176fdf975', 'enter', 'a0a3b32fadf2', '2024-10-07 21:45:35'),
('Ue13aa3cd3fd5a5e1d4743d8621d48c55', '0176fdf975', 'enter', 'a0a3b32fadf2', '2024-10-07 21:45:54'),
('Ue13aa3cd3fd5a5e1d4743d8621d48c55', '0176fdf975', 'enter', 'a0a3b32fadf2', '2024-10-07 21:46:37'),
('Ue13aa3cd3fd5a5e1d4743d8621d48c55', '0176fdf975', 'enter', 'a0a3b32fadf2', '2024-10-07 21:46:55'),
('Ue13aa3cd3fd5a5e1d4743d8621d48c55', '0176fdf975', 'enter', 'a0a3b32fadf2', '2024-10-07 21:47:39'),
('Ue13aa3cd3fd5a5e1d4743d8621d48c55', '0176fdf975', 'enter', 'a0a3b32fadf2', '2024-10-07 21:47:57'),
('Ue13aa3cd3fd5a5e1d4743d8621d48c55', '0176fdf975', 'enter', 'a0a3b32fadf2', '2024-10-07 21:48:41'),
('Ue13aa3cd3fd5a5e1d4743d8621d48c55', '0176fdf975', 'enter', 'a0a3b32fadf2', '2024-10-07 21:48:58'),
('Ue13aa3cd3fd5a5e1d4743d8621d48c55', '0176fdf975', 'enter', 'a0a3b32fadf2', '2024-10-07 21:50:00'),
('Ue13aa3cd3fd5a5e1d4743d8621d48c55', '0176fdf975', 'enter', 'a0a3b32fadf2', '2024-10-07 21:50:33'),
('Ue13aa3cd3fd5a5e1d4743d8621d48c55', '0176fdf975', 'enter', 'a0a3b32fadf2', '2024-10-07 21:51:02'),
('Ue13aa3cd3fd5a5e1d4743d8621d48c55', '0176fdf975', 'enter', 'a0a3b32fadf2', '2024-10-07 21:52:04'),
('Ue13aa3cd3fd5a5e1d4743d8621d48c55', '0176fdf975', 'enter', 'a0a3b32fadf2', '2024-10-07 21:52:49'),
('Ue13aa3cd3fd5a5e1d4743d8621d48c55', '0176fdf975', 'enter', 'a0a3b32fadf2', '2024-10-07 21:53:06'),
('Ue13aa3cd3fd5a5e1d4743d8621d48c55', '0176fdf975', 'enter', 'a0a3b32fadf2', '2024-10-07 21:53:51'),
('Ue13aa3cd3fd5a5e1d4743d8621d48c55', '0176fdf975', 'enter', 'a0a3b32fadf2', '2024-10-07 21:54:07'),
('Ue13aa3cd3fd5a5e1d4743d8621d48c55', '0176fdf975', 'enter', 'a0a3b32fadf2', '2024-10-07 21:54:53'),
('Ue13aa3cd3fd5a5e1d4743d8621d48c55', '0176fdf975', 'enter', 'a0a3b32fadf2', '2024-10-07 21:55:09'),
('Ue13aa3cd3fd5a5e1d4743d8621d48c55', '0176fdf975', 'enter', 'a0a3b32fadf2', '2024-10-07 21:55:55'),
('Ue13aa3cd3fd5a5e1d4743d8621d48c55', '0176fdf975', 'enter', 'a0a3b32fadf2', '2024-10-07 21:56:12'),
('Ue13aa3cd3fd5a5e1d4743d8621d48c55', '0176fdf975', 'enter', 'a0a3b32fadf2', '2024-10-07 21:56:46'),
('Ue13aa3cd3fd5a5e1d4743d8621d48c55', '0176fdf975', 'enter', 'a0a3b32fadf2', '2024-10-07 21:59:18'),
('Ue13aa3cd3fd5a5e1d4743d8621d48c55', '0176fdf975', 'enter', 'a0a3b33145fe', '2024-10-08 08:50:41'),
('Ue13aa3cd3fd5a5e1d4743d8621d48c55', '0176fdf975', 'enter', 'a0a3b33145fe', '2024-10-08 08:51:43'),
('Ue13aa3cd3fd5a5e1d4743d8621d48c55', '0176fdf975', 'enter', 'a0a3b33145fe', '2024-10-08 08:52:44'),
('Ue13aa3cd3fd5a5e1d4743d8621d48c55', '0176fdf975', 'enter', 'a0a3b33145fe', '2024-10-08 08:56:50'),
('Ue13aa3cd3fd5a5e1d4743d8621d48c55', '0176fdf975', 'enter', 'a0a3b33145fe', '2024-10-08 08:57:54'),
('Ue13aa3cd3fd5a5e1d4743d8621d48c55', '0176fdf975', 'enter', 'a0a3b33145fe', '2024-10-08 08:58:54'),
('Ue13aa3cd3fd5a5e1d4743d8621d48c55', '0176fdf975', 'enter', 'a0a3b33145fe', '2024-10-08 08:59:56'),
('Ue13aa3cd3fd5a5e1d4743d8621d48c55', '0176fdf975', 'enter', 'a0a3b33145fe', '2024-10-08 09:00:17'),
('Ue13aa3cd3fd5a5e1d4743d8621d48c55', '0176fdf975', 'enter', 'a0a3b33145fe', '2024-10-08 09:00:28'),
('Ue13aa3cd3fd5a5e1d4743d8621d48c55', '0176fdf975', 'enter', 'a0a3b33145fe', '2024-10-08 09:00:58'),
('Ue13aa3cd3fd5a5e1d4743d8621d48c55', '0176fdf975', 'enter', 'a0a3b33145fe', '2024-10-08 09:01:19'),
('Ue13aa3cd3fd5a5e1d4743d8621d48c55', '0176fdf975', 'enter', 'a0a3b33145fe', '2024-10-08 09:02:00'),
('Ue13aa3cd3fd5a5e1d4743d8621d48c55', '0176fdf975', 'enter', 'a0a3b32fadf2', '2024-10-08 09:02:19'),
('Ue13aa3cd3fd5a5e1d4743d8621d48c55', '0176fdf975', 'enter', 'a0a3b33145fe', '2024-10-08 09:02:21'),
('Ue13aa3cd3fd5a5e1d4743d8621d48c55', '0176fdf975', 'enter', 'a0a3b32fadf2', '2024-10-08 09:02:56'),
('Ue13aa3cd3fd5a5e1d4743d8621d48c55', '0176fdf975', 'enter', 'a0a3b33145fe', '2024-10-08 09:03:02'),
('Ue13aa3cd3fd5a5e1d4743d8621d48c55', '0176fdf975', 'enter', 'a0a3b33145fe', '2024-10-08 09:03:22'),
('Ue13aa3cd3fd5a5e1d4743d8621d48c55', '0176fdf975', 'enter', 'a0a3b32fadf2', '2024-10-08 09:03:29'),
('Ue13aa3cd3fd5a5e1d4743d8621d48c55', '0176fdf975', 'enter', 'a0a3b32fadf2', '2024-10-08 09:03:58'),
('Ue13aa3cd3fd5a5e1d4743d8621d48c55', '0176fdf975', 'enter', 'a0a3b33145fe', '2024-10-08 09:04:03'),
('Ue13aa3cd3fd5a5e1d4743d8621d48c55', '0176fdf975', 'enter', 'a0a3b33145fe', '2024-10-08 09:04:24'),
('Ue13aa3cd3fd5a5e1d4743d8621d48c55', '0176fdf975', 'enter', 'a0a3b32fadf2', '2024-10-08 09:05:00'),
('Ue13aa3cd3fd5a5e1d4743d8621d48c55', '0176fdf975', 'enter', 'a0a3b33145fe', '2024-10-08 09:05:04'),
('Ue13aa3cd3fd5a5e1d4743d8621d48c55', '0176fdf975', 'enter', 'a0a3b32fadf2', '2024-10-08 09:07:03'),
('Ue13aa3cd3fd5a5e1d4743d8621d48c55', '0176fdf975', 'enter', 'a0a3b32fadf2', '2024-10-08 09:07:13'),
('Ue13aa3cd3fd5a5e1d4743d8621d48c55', '0176fdf975', 'enter', 'a0a3b33145fe', '2024-10-08 09:07:26'),
('Ue13aa3cd3fd5a5e1d4743d8621d48c55', '0176fdf975', 'enter', 'a0a3b32fadf2', '2024-10-08 09:08:05'),
('Ue13aa3cd3fd5a5e1d4743d8621d48c55', '0176fdf975', 'enter', 'a0a3b33145fe', '2024-10-08 09:08:28'),
('Ue13aa3cd3fd5a5e1d4743d8621d48c55', '0176fdf975', 'enter', 'a0a3b32fadf2', '2024-10-08 09:09:07'),
('Ue13aa3cd3fd5a5e1d4743d8621d48c55', '0176fdf975', 'enter', 'a0a3b33145fe', '2024-10-08 09:09:30'),
('Ue13aa3cd3fd5a5e1d4743d8621d48c55', '0176fdf975', 'enter', 'a0a3b32fadf2', '2024-10-08 09:10:05'),
('Ue13aa3cd3fd5a5e1d4743d8621d48c55', '0176fdf975', 'enter', 'a0a3b32fadf2', '2024-10-08 09:10:08'),
('Ue13aa3cd3fd5a5e1d4743d8621d48c55', '0176fdf975', 'enter', 'a0a3b33145fe', '2024-10-08 09:10:32'),
('Ue13aa3cd3fd5a5e1d4743d8621d48c55', '0176fdf975', 'enter', 'a0a3b32fadf2', '2024-10-08 09:11:09'),
('Ue13aa3cd3fd5a5e1d4743d8621d48c55', '0176fdf975', 'enter', 'a0a3b33145fe', '2024-10-08 09:11:34'),
('Ue13aa3cd3fd5a5e1d4743d8621d48c55', '0176fdf975', 'enter', 'a0a3b32fadf2', '2024-10-08 09:12:11'),
('Ue13aa3cd3fd5a5e1d4743d8621d48c55', '0176fdf975', 'enter', 'a0a3b33145fe', '2024-10-08 09:12:36'),
('Ue13aa3cd3fd5a5e1d4743d8621d48c55', '0176fdf975', 'enter', 'a0a3b32fadf2', '2024-10-08 09:13:13'),
('Ue13aa3cd3fd5a5e1d4743d8621d48c55', '0176fdf975', 'enter', 'a0a3b33145fe', '2024-10-08 09:13:37'),
('Ue13aa3cd3fd5a5e1d4743d8621d48c55', '0176fdf975', 'enter', 'a0a3b32fadf2', '2024-10-08 09:14:16'),
('Ue13aa3cd3fd5a5e1d4743d8621d48c55', '0176fdf975', 'enter', 'a0a3b33145fe', '2024-10-08 09:14:39'),
('Ue13aa3cd3fd5a5e1d4743d8621d48c55', '0176fdf975', 'enter', 'a0a3b32fadf2', '2024-10-08 09:15:17'),
('Ue13aa3cd3fd5a5e1d4743d8621d48c55', '0176fdf975', 'enter', 'a0a3b33145fe', '2024-10-08 09:15:41'),
('Ue13aa3cd3fd5a5e1d4743d8621d48c55', '0176fdf975', 'enter', 'a0a3b32fadf2', '2024-10-08 09:16:19'),
('Ue13aa3cd3fd5a5e1d4743d8621d48c55', '0176fdf975', 'enter', 'a0a3b32fadf2', '2024-10-08 09:17:21'),
('Ue13aa3cd3fd5a5e1d4743d8621d48c55', '0176fdf975', 'enter', 'a0a3b32fadf2', '2024-10-08 09:23:13'),
('Ue13aa3cd3fd5a5e1d4743d8621d48c55', '0176fdf975', 'enter', 'a0a3b32fadf2', '2024-10-08 09:24:14'),
('Ue13aa3cd3fd5a5e1d4743d8621d48c55', '0176fdf975', 'enter', 'a0a3b32fadf2', '2024-10-08 09:25:16'),
('Ue13aa3cd3fd5a5e1d4743d8621d48c55', '0176fdf975', 'enter', 'a0a3b32fadf2', '2024-10-08 09:26:18'),
('Ue13aa3cd3fd5a5e1d4743d8621d48c55', '0176fdf975', 'enter', 'a0a3b32fadf2', '2024-10-08 09:27:20'),
('Ue13aa3cd3fd5a5e1d4743d8621d48c55', '0176fdf975', 'enter', 'a0a3b32fadf2', '2024-10-08 09:28:22'),
('Ue13aa3cd3fd5a5e1d4743d8621d48c55', '0176fdf975', 'enter', 'a0a3b32fadf2', '2024-10-08 09:29:25'),
('Ue13aa3cd3fd5a5e1d4743d8621d48c55', '0176fdf975', 'enter', 'a0a3b32fadf2', '2024-10-08 09:30:26'),
('Ue13aa3cd3fd5a5e1d4743d8621d48c55', '0176fdf975', 'enter', 'a0a3b32fadf2', '2024-10-08 09:31:29'),
('Ue13aa3cd3fd5a5e1d4743d8621d48c55', '0176fdf975', 'enter', 'a0a3b32fadf2', '2024-10-08 09:32:31'),
('Ue13aa3cd3fd5a5e1d4743d8621d48c55', '0176fdf975', 'enter', 'a0a3b32fadf2', '2024-10-08 09:33:33'),
('Ue13aa3cd3fd5a5e1d4743d8621d48c55', '0176fdf975', 'enter', 'a0a3b32fadf2', '2024-10-08 09:34:36'),
('Ue13aa3cd3fd5a5e1d4743d8621d48c55', '0176fdf975', 'enter', 'a0a3b32fadf2', '2024-10-08 09:35:36'),
('Ue13aa3cd3fd5a5e1d4743d8621d48c55', '0176fdf975', 'enter', 'a0a3b32fadf2', '2024-10-08 09:36:38'),
('Ue13aa3cd3fd5a5e1d4743d8621d48c55', '0176fdf975', 'enter', 'a0a3b32fadf2', '2024-10-08 09:37:41'),
('Ue13aa3cd3fd5a5e1d4743d8621d48c55', '0176fdf975', 'enter', 'a0a3b32fadf2', '2024-10-08 09:38:42'),
('Ue13aa3cd3fd5a5e1d4743d8621d48c55', '0176fdf975', 'enter', 'a0a3b33145fe', '2024-10-08 09:40:10'),
('Ue13aa3cd3fd5a5e1d4743d8621d48c55', '0176fdf975', 'enter', 'a0a3b32fadf2', '2024-10-08 09:53:44'),
('Ue13aa3cd3fd5a5e1d4743d8621d48c55', '0176fdf975', 'enter', 'a0a3b32fadf2', '2024-10-08 09:53:59'),
('Ue13aa3cd3fd5a5e1d4743d8621d48c55', '0176fdf975', 'enter', 'a0a3b32fadf2', '2024-10-08 10:01:28'),
('Ue13aa3cd3fd5a5e1d4743d8621d48c55', '0176fdf975', 'enter', 'a0a3b32fadf2', '2024-10-08 10:03:33'),
('Ue13aa3cd3fd5a5e1d4743d8621d48c55', '0176fdf975', 'enter', 'a0a3b32fadf2', '2024-10-08 10:04:35'),
('Ue13aa3cd3fd5a5e1d4743d8621d48c55', '0176fdf975', 'enter', 'a0a3b32fadf2', '2024-10-08 10:05:37'),
('Ue13aa3cd3fd5a5e1d4743d8621d48c55', '0176fdf975', 'enter', 'a0a3b32fadf2', '2024-10-08 10:06:39'),
('Ue13aa3cd3fd5a5e1d4743d8621d48c55', '0176fdf975', 'enter', 'a0a3b32fadf2', '2024-10-08 10:07:41'),
('Ue13aa3cd3fd5a5e1d4743d8621d48c55', '0176fdf975', 'enter', 'a0a3b32fadf2', '2024-10-08 10:08:43'),
('Ue13aa3cd3fd5a5e1d4743d8621d48c55', '0176fdf975', 'enter', 'a0a3b32fadf2', '2024-10-08 10:09:45'),
('Ue13aa3cd3fd5a5e1d4743d8621d48c55', '0176fdf975', 'enter', 'a0a3b32fadf2', '2024-10-08 10:10:47'),
('Ue13aa3cd3fd5a5e1d4743d8621d48c55', '0176fdf975', 'enter', 'a0a3b32fadf2', '2024-10-08 10:11:49'),
('Ue13aa3cd3fd5a5e1d4743d8621d48c55', '0176fdf975', 'enter', 'a0a3b32fadf2', '2024-10-08 10:12:51'),
('Ue13aa3cd3fd5a5e1d4743d8621d48c55', '0176fdf975', 'enter', 'a0a3b32fadf2', '2024-10-08 10:13:53'),
('Ue13aa3cd3fd5a5e1d4743d8621d48c55', '0176fdf975', 'enter', 'a0a3b32fadf2', '2024-10-08 10:14:55'),
('Ue13aa3cd3fd5a5e1d4743d8621d48c55', '0176fdf975', 'enter', 'a0a3b32fadf2', '2024-10-08 10:15:57'),
('Ue13aa3cd3fd5a5e1d4743d8621d48c55', '0176fdf975', 'enter', 'a0a3b32fadf2', '2024-10-08 10:16:59'),
('Ue13aa3cd3fd5a5e1d4743d8621d48c55', '0176fdf975', 'enter', 'a0a3b32fadf2', '2024-10-08 10:29:41'),
('Ue13aa3cd3fd5a5e1d4743d8621d48c55', '0176fdf975', 'enter', 'a0a3b32fadf2', '2024-10-08 10:30:42'),
('Ue13aa3cd3fd5a5e1d4743d8621d48c55', '0176fdf975', 'enter', 'a0a3b32fadf2', '2024-10-08 10:31:44'),
('Ue13aa3cd3fd5a5e1d4743d8621d48c55', '0176fdf975', 'enter', 'a0a3b32fadf2', '2024-10-08 10:32:46'),
('Ue13aa3cd3fd5a5e1d4743d8621d48c55', '0176fdf975', 'enter', 'a0a3b32fadf2', '2024-10-08 10:33:48'),
('Ue13aa3cd3fd5a5e1d4743d8621d48c55', '0176fdf975', 'enter', 'a0a3b32fadf2', '2024-10-08 10:34:50'),
('Ue13aa3cd3fd5a5e1d4743d8621d48c55', '0176fdf975', 'enter', 'a0a3b32fadf2', '2024-10-08 10:35:52'),
('Ue13aa3cd3fd5a5e1d4743d8621d48c55', '0176fdf975', 'enter', 'a0a3b32fadf2', '2024-10-08 10:36:54'),
('Ue13aa3cd3fd5a5e1d4743d8621d48c55', '0176fdf975', 'enter', 'a0a3b32fadf2', '2024-10-08 10:37:56'),
('Ue13aa3cd3fd5a5e1d4743d8621d48c55', '0176fdf975', 'enter', 'a0a3b32fadf2', '2024-10-08 10:38:58'),
('Ue13aa3cd3fd5a5e1d4743d8621d48c55', '0176fdf975', 'enter', 'a0a3b32fadf2', '2024-10-08 10:40:01'),
('Ue13aa3cd3fd5a5e1d4743d8621d48c55', '0176fdf975', 'enter', 'a0a3b32fadf2', '2024-10-08 10:41:02'),
('Ue13aa3cd3fd5a5e1d4743d8621d48c55', '0176fdf975', 'enter', 'a0a3b32fadf2', '2024-10-08 10:42:05'),
('Ue13aa3cd3fd5a5e1d4743d8621d48c55', '0176fdf975', 'enter', 'a0a3b32fadf2', '2024-10-08 10:43:07'),
('Ue13aa3cd3fd5a5e1d4743d8621d48c55', '0176fdf975', 'enter', 'a0a3b32fadf2', '2024-10-08 10:44:08'),
('Ue13aa3cd3fd5a5e1d4743d8621d48c55', '0176fdf975', 'enter', 'a0a3b32fadf2', '2024-10-08 10:45:10'),
('Ue13aa3cd3fd5a5e1d4743d8621d48c55', '0176fdf975', 'enter', 'a0a3b33145fe', '2024-10-08 11:42:46'),
('Ue13aa3cd3fd5a5e1d4743d8621d48c55', '0176fdf975', 'enter', 'a0a3b32fadf2', '2024-10-08 16:25:22'),
('Ue13aa3cd3fd5a5e1d4743d8621d48c55', '0176fdf975', 'enter', 'a0a3b32fadf2', '2024-10-08 16:26:24'),
('Ue13aa3cd3fd5a5e1d4743d8621d48c55', '0176fdf975', 'enter', 'a0a3b32fadf2', '2024-10-08 16:28:28'),
('Ue13aa3cd3fd5a5e1d4743d8621d48c55', '0176fdf975', 'enter', 'a0a3b32fadf2', '2024-10-08 16:30:32'),
('Ue13aa3cd3fd5a5e1d4743d8621d48c55', '0176fdf975', 'enter', 'a0a3b32fadf2', '2024-10-08 16:31:34'),
('Ue13aa3cd3fd5a5e1d4743d8621d48c55', '0176fdf975', 'enter', 'a0a3b32fadf2', '2024-10-08 16:32:36'),
('Ue13aa3cd3fd5a5e1d4743d8621d48c55', '0176fdf975', 'enter', 'a0a3b32fadf2', '2024-10-08 16:33:38'),
('Ue13aa3cd3fd5a5e1d4743d8621d48c55', '0176fdf975', 'enter', 'a0a3b32fadf2', '2024-10-08 16:34:40'),
('Ue13aa3cd3fd5a5e1d4743d8621d48c55', '0176fdf975', 'enter', 'a0a3b32fadf2', '2024-10-08 16:36:44'),
('Ue13aa3cd3fd5a5e1d4743d8621d48c55', '0176fdf975', 'enter', 'a0a3b32fadf2', '2024-10-08 16:37:47'),
('Ue13aa3cd3fd5a5e1d4743d8621d48c55', '0176fdf975', 'enter', 'a0a3b32fadf2', '2024-10-08 16:38:48'),
('Ue13aa3cd3fd5a5e1d4743d8621d48c55', '0176fdf975', 'enter', 'a0a3b32fadf2', '2024-10-08 16:39:50'),
('Ue13aa3cd3fd5a5e1d4743d8621d48c55', '0176fdf975', 'enter', 'a0a3b32fadf2', '2024-10-08 16:40:53'),
('Ue13aa3cd3fd5a5e1d4743d8621d48c55', '0176fdf975', 'enter', 'a0a3b33145fe', '2024-10-09 06:46:33'),
('Ue13aa3cd3fd5a5e1d4743d8621d48c55', '0176fdf975', 'enter', 'a0a3b33145fe', '2024-10-09 06:47:35'),
('Ue13aa3cd3fd5a5e1d4743d8621d48c55', '0176fdf975', 'enter', 'a0a3b33145fe', '2024-10-09 06:48:06'),
('Ue13aa3cd3fd5a5e1d4743d8621d48c55', '0176fdf975', 'enter', 'a0a3b33145fe', '2024-10-09 06:48:37'),
('Ue13aa3cd3fd5a5e1d4743d8621d48c55', '0176fdf975', 'enter', 'a0a3b33145fe', '2024-10-09 06:49:39'),
('Ue13aa3cd3fd5a5e1d4743d8621d48c55', '0176fdf975', 'enter', 'a0a3b33145fe', '2024-10-09 06:50:41'),
('Ue13aa3cd3fd5a5e1d4743d8621d48c55', '0176fdf975', 'enter', 'a0a3b33145fe', '2024-10-09 06:51:43'),
('Ue13aa3cd3fd5a5e1d4743d8621d48c55', '0176fdf975', 'enter', 'a0a3b33145fe', '2024-10-09 06:52:44'),
('Ue13aa3cd3fd5a5e1d4743d8621d48c55', '0176fdf975', 'enter', 'a0a3b33145fe', '2024-10-09 06:53:46'),
('Ue13aa3cd3fd5a5e1d4743d8621d48c55', '0176fdf975', 'enter', 'a0a3b33145fe', '2024-10-09 06:54:48'),
('Ue13aa3cd3fd5a5e1d4743d8621d48c55', '0176fdf975', 'enter', 'a0a3b33145fe', '2024-10-09 06:55:51'),
('Ue13aa3cd3fd5a5e1d4743d8621d48c55', '0176fdf975', 'enter', 'a0a3b33145fe', '2024-10-09 06:56:52'),
('Ue13aa3cd3fd5a5e1d4743d8621d48c55', '0176fdf975', 'enter', 'a0a3b33145fe', '2024-10-09 06:57:54'),
('Ue13aa3cd3fd5a5e1d4743d8621d48c55', '0176fdf975', 'enter', 'a0a3b33145fe', '2024-10-09 06:58:56'),
('Ue13aa3cd3fd5a5e1d4743d8621d48c55', '0176fdf975', 'enter', 'a0a3b33145fe', '2024-10-09 06:59:58'),
('Ue13aa3cd3fd5a5e1d4743d8621d48c55', '0176fdf975', 'enter', 'a0a3b33145fe', '2024-10-09 07:01:00'),
('Ue13aa3cd3fd5a5e1d4743d8621d48c55', '0176fdf975', 'enter', 'a0a3b33145fe', '2024-10-09 07:02:03'),
('Ue13aa3cd3fd5a5e1d4743d8621d48c55', '0176fdf975', 'enter', 'a0a3b32fadf2', '2024-10-09 07:50:36'),
('Ue13aa3cd3fd5a5e1d4743d8621d48c55', '0176fdf975', 'enter', 'a0a3b32fadf2', '2024-10-09 07:51:38'),
('Ue13aa3cd3fd5a5e1d4743d8621d48c55', '0176fdf975', 'enter', 'a0a3b32fadf2', '2024-10-09 07:52:40'),
('Ue13aa3cd3fd5a5e1d4743d8621d48c55', '0176fdf975', 'enter', 'a0a3b32fadf2', '2024-10-09 07:53:42'),
('Ue13aa3cd3fd5a5e1d4743d8621d48c55', '0176fdf975', 'enter', 'a0a3b32fadf2', '2024-10-09 07:54:45'),
('Ue13aa3cd3fd5a5e1d4743d8621d48c55', '0176fdf975', 'enter', 'a0a3b32fadf2', '2024-10-09 07:55:46'),
('Ue13aa3cd3fd5a5e1d4743d8621d48c55', '0176fdf975', 'enter', 'a0a3b32fadf2', '2024-10-09 07:56:49'),
('Ue13aa3cd3fd5a5e1d4743d8621d48c55', '0176fdf975', 'enter', 'a0a3b32fadf2', '2024-10-09 07:57:50'),
('Ue13aa3cd3fd5a5e1d4743d8621d48c55', '0176fdf975', 'enter', 'a0a3b32fadf2', '2024-10-09 07:58:53'),
('Ue13aa3cd3fd5a5e1d4743d8621d48c55', '0176fdf975', 'enter', 'a0a3b32fadf2', '2024-10-09 07:59:54'),
('Ue13aa3cd3fd5a5e1d4743d8621d48c55', '0176fdf975', 'enter', 'a0a3b32fadf2', '2024-10-09 08:00:57'),
('Ue13aa3cd3fd5a5e1d4743d8621d48c55', '0176fdf975', 'enter', 'a0a3b32fadf2', '2024-10-09 08:01:58'),
('Ue13aa3cd3fd5a5e1d4743d8621d48c55', '0176fdf975', 'enter', 'a0a3b32fadf2', '2024-10-09 08:03:00'),
('Ue13aa3cd3fd5a5e1d4743d8621d48c55', '0176fdf975', 'enter', 'a0a3b32fadf2', '2024-10-09 08:04:02'),
('Ue13aa3cd3fd5a5e1d4743d8621d48c55', '0176fdf975', 'enter', 'a0a3b32fadf2', '2024-10-09 08:05:04'),
('Ue13aa3cd3fd5a5e1d4743d8621d48c55', '0176fdf975', 'enter', 'a0a3b32fadf2', '2024-10-09 08:06:06'),
('Ue13aa3cd3fd5a5e1d4743d8621d48c55', '0176fdf975', 'enter', 'a0a3b33145fe', '2024-10-09 08:59:04'),
('Ue90dc5acea4861b8dab49d4de0e3cba6', '0176fdf975', 'enter', 'a0a3b33145fe', '2024-10-09 08:59:05'),
('Ue13aa3cd3fd5a5e1d4743d8621d48c55', '0176fdf975', 'enter', 'a0a3b33145fe', '2024-10-09 08:59:18'),
('Ue13aa3cd3fd5a5e1d4743d8621d48c55', '0176fdf975', 'enter', 'a0a3b33145fe', '2024-10-09 09:00:06'),
('Ue13aa3cd3fd5a5e1d4743d8621d48c55', '0176fdf975', 'enter', 'a0a3b33145fe', '2024-10-09 09:00:20'),
('Ue13aa3cd3fd5a5e1d4743d8621d48c55', '0176fdf975', 'enter', 'a0a3b33145fe', '2024-10-09 09:00:52'),
('Ue13aa3cd3fd5a5e1d4743d8621d48c55', '0176fdf975', 'enter', 'a0a3b33145fe', '2024-10-09 09:01:07'),
('Ue13aa3cd3fd5a5e1d4743d8621d48c55', '0176fdf975', 'enter', 'a0a3b33145fe', '2024-10-09 09:01:21'),
('Ue13aa3cd3fd5a5e1d4743d8621d48c55', '0176fdf975', 'enter', 'a0a3b33145fe', '2024-10-09 09:02:23'),
('Ue13aa3cd3fd5a5e1d4743d8621d48c55', '0176fdf975', 'enter', 'a0a3b33145fe', '2024-10-09 09:03:11'),
('Ue13aa3cd3fd5a5e1d4743d8621d48c55', '0176fdf975', 'enter', 'a0a3b33145fe', '2024-10-09 09:03:24'),
('Ue13aa3cd3fd5a5e1d4743d8621d48c55', '0176fdf975', 'enter', 'a0a3b33145fe', '2024-10-09 09:04:13'),
('Ue13aa3cd3fd5a5e1d4743d8621d48c55', '0176fdf975', 'enter', 'a0a3b33145fe', '2024-10-09 09:04:25'),
('Ue13aa3cd3fd5a5e1d4743d8621d48c55', '0176fdf975', 'enter', 'a0a3b33145fe', '2024-10-09 09:05:15'),
('Ue13aa3cd3fd5a5e1d4743d8621d48c55', '0176fdf975', 'enter', 'a0a3b33145fe', '2024-10-09 09:05:27'),
('Ue13aa3cd3fd5a5e1d4743d8621d48c55', '0176fdf975', 'enter', 'a0a3b32fadf2', '2024-10-09 09:06:09'),
('Ue13aa3cd3fd5a5e1d4743d8621d48c55', '0176fdf975', 'enter', 'a0a3b33145fe', '2024-10-09 09:06:16'),
('Ue13aa3cd3fd5a5e1d4743d8621d48c55', '0176fdf975', 'enter', 'a0a3b33145fe', '2024-10-09 09:06:28'),
('Ue13aa3cd3fd5a5e1d4743d8621d48c55', '0176fdf975', 'enter', 'a0a3b33145fe', '2024-10-09 09:07:17'),
('Ue13aa3cd3fd5a5e1d4743d8621d48c55', '0176fdf975', 'enter', 'a0a3b33145fe', '2024-10-09 09:07:29'),
('Ue13aa3cd3fd5a5e1d4743d8621d48c55', '0176fdf975', 'enter', 'a0a3b33145fe', '2024-10-09 09:08:19'),
('Ue13aa3cd3fd5a5e1d4743d8621d48c55', '0176fdf975', 'enter', 'a0a3b33145fe', '2024-10-09 09:08:30'),
('Ue13aa3cd3fd5a5e1d4743d8621d48c55', '0176fdf975', 'enter', 'a0a3b32fadf2', '2024-10-09 09:08:44'),
('Ue13aa3cd3fd5a5e1d4743d8621d48c55', '0176fdf975', 'enter', 'a0a3b33145fe', '2024-10-09 09:09:21'),
('Ue13aa3cd3fd5a5e1d4743d8621d48c55', '0176fdf975', 'enter', 'a0a3b33145fe', '2024-10-09 09:09:32'),
('Ue13aa3cd3fd5a5e1d4743d8621d48c55', '0176fdf975', 'enter', 'a0a3b33145fe', '2024-10-09 09:10:23'),
('Ue13aa3cd3fd5a5e1d4743d8621d48c55', '0176fdf975', 'enter', 'a0a3b33145fe', '2024-10-09 09:10:34'),
('Ue13aa3cd3fd5a5e1d4743d8621d48c55', '0176fdf975', 'enter', 'a0a3b32fadf2', '2024-10-09 09:11:16'),
('Ue13aa3cd3fd5a5e1d4743d8621d48c55', '0176fdf975', 'enter', 'a0a3b33145fe', '2024-10-09 09:11:24'),
('Ue13aa3cd3fd5a5e1d4743d8621d48c55', '0176fdf975', 'enter', 'a0a3b33145fe', '2024-10-09 09:11:35'),
('Ue13aa3cd3fd5a5e1d4743d8621d48c55', '0176fdf975', 'enter', 'a0a3b33145fe', '2024-10-09 09:12:26'),
('Ue13aa3cd3fd5a5e1d4743d8621d48c55', '0176fdf975', 'enter', 'a0a3b33145fe', '2024-10-09 09:12:37'),
('Ue13aa3cd3fd5a5e1d4743d8621d48c55', '0176fdf975', 'enter', 'a0a3b32fadf2', '2024-10-09 09:12:43'),
('Ue13aa3cd3fd5a5e1d4743d8621d48c55', '0176fdf975', 'enter', 'a0a3b33145fe', '2024-10-09 09:13:28'),
('Ue13aa3cd3fd5a5e1d4743d8621d48c55', '0176fdf975', 'enter', 'a0a3b33145fe', '2024-10-09 09:13:38'),
('Ue13aa3cd3fd5a5e1d4743d8621d48c55', '0176fdf975', 'enter', 'a0a3b33145fe', '2024-10-09 09:14:22'),
('Ue13aa3cd3fd5a5e1d4743d8621d48c55', '0176fdf975', 'enter', 'a0a3b33145fe', '2024-10-09 09:14:29'),
('Ue13aa3cd3fd5a5e1d4743d8621d48c55', '0176fdf975', 'enter', 'a0a3b33145fe', '2024-10-09 09:14:39'),
('Ue13aa3cd3fd5a5e1d4743d8621d48c55', '0176fdf975', 'enter', 'a0a3b32fadf2', '2024-10-09 09:15:25'),
('Ue13aa3cd3fd5a5e1d4743d8621d48c55', '0176fdf975', 'enter', 'a0a3b32fadf2', '2024-10-09 09:16:27'),
('Ue13aa3cd3fd5a5e1d4743d8621d48c55', '0176fdf975', 'enter', 'a0a3b32fadf2', '2024-10-09 09:17:29'),
('Ue13aa3cd3fd5a5e1d4743d8621d48c55', '0176fdf975', 'enter', 'a0a3b32fadf2', '2024-10-09 09:18:32'),
('Ue13aa3cd3fd5a5e1d4743d8621d48c55', '0176fdf975', 'enter', 'a0a3b32fadf2', '2024-10-09 09:19:33'),
('Ue13aa3cd3fd5a5e1d4743d8621d48c55', '0176fdf975', 'enter', 'a0a3b32fadf2', '2024-10-09 09:20:36'),
('Ue13aa3cd3fd5a5e1d4743d8621d48c55', '0176fdf975', 'enter', 'a0a3b32fadf2', '2024-10-09 09:21:38'),
('Ue13aa3cd3fd5a5e1d4743d8621d48c55', '0176fdf975', 'enter', 'a0a3b32fadf2', '2024-10-09 09:22:40'),
('Ue13aa3cd3fd5a5e1d4743d8621d48c55', '0176fdf975', 'enter', 'a0a3b32fadf2', '2024-10-09 09:23:42'),
('Ue13aa3cd3fd5a5e1d4743d8621d48c55', '0176fdf975', 'enter', 'a0a3b32fadf2', '2024-10-09 09:24:44'),
('Ue13aa3cd3fd5a5e1d4743d8621d48c55', '0176fdf975', 'enter', 'a0a3b32fadf2', '2024-10-09 09:25:46'),
('Ue13aa3cd3fd5a5e1d4743d8621d48c55', '0176fdf975', 'enter', 'a0a3b32fadf2', '2024-10-09 09:26:48'),
('Ue13aa3cd3fd5a5e1d4743d8621d48c55', '0176fdf975', 'enter', 'a0a3b32fadf2', '2024-10-09 09:27:50'),
('Ue13aa3cd3fd5a5e1d4743d8621d48c55', '0176fdf975', 'enter', 'a0a3b32fadf2', '2024-10-09 09:28:52'),
('Ue13aa3cd3fd5a5e1d4743d8621d48c55', '0176fdf975', 'enter', 'a0a3b32fadf2', '2024-10-09 09:29:54'),
('Ue13aa3cd3fd5a5e1d4743d8621d48c55', '0176fdf975', 'enter', 'a0a3b32fadf2', '2024-10-09 09:30:56'),
('Ue13aa3cd3fd5a5e1d4743d8621d48c55', '0176fdf975', 'enter', 'a0a3b33145fe', '2024-10-24 12:30:47'),
('Ue13aa3cd3fd5a5e1d4743d8621d48c55', '0176fdf975', 'enter', 'a0a3b33145fe', '2024-10-24 12:31:42'),
('Ue13aa3cd3fd5a5e1d4743d8621d48c55', '0176fdf975', 'enter', 'a0a3b33145fe', '2024-10-24 12:32:51'),
('Ue13aa3cd3fd5a5e1d4743d8621d48c55', '0176fdf975', 'enter', 'a0a3b33145fe', '2024-10-24 12:33:53'),
('Ue13aa3cd3fd5a5e1d4743d8621d48c55', '0176fdf975', 'enter', 'a0a3b33145fe', '2024-10-24 12:34:55'),
('Ue13aa3cd3fd5a5e1d4743d8621d48c55', '0176fdf975', 'enter', 'a0a3b33145fe', '2024-10-24 12:35:57'),
('Ue13aa3cd3fd5a5e1d4743d8621d48c55', '0176fdf975', 'enter', 'a0a3b33145fe', '2024-10-24 12:36:59'),
('Ue13aa3cd3fd5a5e1d4743d8621d48c55', '0176fdf975', 'enter', 'a0a3b33145fe', '2024-10-24 12:37:50'),
('Ue13aa3cd3fd5a5e1d4743d8621d48c55', '0176fdf975', 'enter', 'a0a3b33145fe', '2024-10-24 12:39:03'),
('Ue13aa3cd3fd5a5e1d4743d8621d48c55', '0176fdf975', 'enter', 'a0a3b33145fe', '2024-10-24 12:40:05'),
('Ue13aa3cd3fd5a5e1d4743d8621d48c55', '0176fdf975', 'enter', 'a0a3b33145fe', '2024-10-24 12:41:07'),
('Ue13aa3cd3fd5a5e1d4743d8621d48c55', '0176fdf975', 'enter', 'a0a3b33145fe', '2024-10-24 12:42:09'),
('Ue13aa3cd3fd5a5e1d4743d8621d48c55', '0176fdf975', 'enter', 'a0a3b33145fe', '2024-10-24 12:43:11'),
('Ue13aa3cd3fd5a5e1d4743d8621d48c55', '0176fdf975', 'enter', 'a0a3b33145fe', '2024-10-24 12:44:01'),
('Ue13aa3cd3fd5a5e1d4743d8621d48c55', '0176fdf975', 'enter', 'a0a3b33145fe', '2024-10-24 12:45:15'),
('Ue13aa3cd3fd5a5e1d4743d8621d48c55', '0176fdf975', 'enter', 'a0a3b33145fe', '2024-10-24 12:50:14'),
('Ue13aa3cd3fd5a5e1d4743d8621d48c55', '0176fdf975', 'enter', 'a0a3b33145fe', '2024-10-24 12:57:15'),
('Ue13aa3cd3fd5a5e1d4743d8621d48c55', '0176fdf975', 'enter', 'a0a3b33145fe', '2024-10-24 12:57:21'),
('Ue13aa3cd3fd5a5e1d4743d8621d48c55', '0176fdf975', 'enter', 'a0a3b33145fe', '2024-10-24 12:58:17'),
('Ue13aa3cd3fd5a5e1d4743d8621d48c55', '0176fdf975', 'enter', 'a0a3b33145fe', '2024-10-24 12:59:19'),
('Ue13aa3cd3fd5a5e1d4743d8621d48c55', '0176fdf975', 'enter', 'a0a3b33145fe', '2024-10-24 13:00:21'),
('Ue13aa3cd3fd5a5e1d4743d8621d48c55', '0176fdf975', 'enter', 'a0a3b33145fe', '2024-10-24 13:01:15'),
('Ue13aa3cd3fd5a5e1d4743d8621d48c55', '0176fdf975', 'enter', 'a0a3b33145fe', '2024-10-24 13:01:22'),
('Ue13aa3cd3fd5a5e1d4743d8621d48c55', '0176fdf975', 'enter', 'a0a3b33145fe', '2024-10-24 13:02:15'),
('Ue13aa3cd3fd5a5e1d4743d8621d48c55', '0176fdf975', 'enter', 'a0a3b33145fe', '2024-10-24 13:02:37'),
('Ue13aa3cd3fd5a5e1d4743d8621d48c55', '0176fdf975', 'enter', 'a0a3b33145fe', '2024-10-24 13:03:19'),
('Ue13aa3cd3fd5a5e1d4743d8621d48c55', '0176fdf975', 'enter', 'a0a3b33145fe', '2024-10-24 13:03:20'),
('Ue13aa3cd3fd5a5e1d4743d8621d48c55', '0176fdf975', 'enter', 'a0a3b33145fe', '2024-10-24 13:03:25'),
('Ue13aa3cd3fd5a5e1d4743d8621d48c55', '0176fdf975', 'enter', 'a0a3b33145fe', '2024-10-24 13:04:21'),
('Ue13aa3cd3fd5a5e1d4743d8621d48c55', '0176fdf975', 'enter', 'a0a3b33145fe', '2024-10-24 13:04:21'),
('Ue13aa3cd3fd5a5e1d4743d8621d48c55', '0176fdf975', 'enter', 'a0a3b33145fe', '2024-10-24 13:04:27'),
('Ue13aa3cd3fd5a5e1d4743d8621d48c55', '0176fdf975', 'enter', 'a0a3b33145fe', '2024-10-24 13:04:29'),
('Ue13aa3cd3fd5a5e1d4743d8621d48c55', '0176fdf975', 'enter', 'a0a3b33145fe', '2024-10-24 13:05:23'),
('Ue13aa3cd3fd5a5e1d4743d8621d48c55', '0176fdf975', 'enter', 'a0a3b33145fe', '2024-10-24 13:05:24'),
('Ue13aa3cd3fd5a5e1d4743d8621d48c55', '0176fdf975', 'enter', 'a0a3b33145fe', '2024-10-24 13:05:25'),
('Ue13aa3cd3fd5a5e1d4743d8621d48c55', '0176fdf975', 'enter', 'a0a3b33145fe', '2024-10-24 13:05:29'),
('Ue13aa3cd3fd5a5e1d4743d8621d48c55', '0176fdf975', 'enter', 'a0a3b33145fe', '2024-10-24 13:06:22'),
('Ue13aa3cd3fd5a5e1d4743d8621d48c55', '0176fdf975', 'enter', 'a0a3b33145fe', '2024-10-24 13:06:25'),
('Ue13aa3cd3fd5a5e1d4743d8621d48c55', '0176fdf975', 'enter', 'a0a3b33145fe', '2024-10-24 13:06:25'),
('Ue13aa3cd3fd5a5e1d4743d8621d48c55', '0176fdf975', 'enter', 'a0a3b33145fe', '2024-10-24 13:06:27'),
('Ue13aa3cd3fd5a5e1d4743d8621d48c55', '0176fdf975', 'enter', 'a0a3b33145fe', '2024-10-24 13:06:31'),
('Ue13aa3cd3fd5a5e1d4743d8621d48c55', '0176fdf975', 'enter', 'a0a3b33145fe', '2024-10-24 13:07:24'),
('Ue13aa3cd3fd5a5e1d4743d8621d48c55', '0176fdf975', 'enter', 'a0a3b33145fe', '2024-10-24 13:07:26'),
('Ue13aa3cd3fd5a5e1d4743d8621d48c55', '0176fdf975', 'enter', 'a0a3b33145fe', '2024-10-24 13:07:27'),
('Ue13aa3cd3fd5a5e1d4743d8621d48c55', '0176fdf975', 'enter', 'a0a3b33145fe', '2024-10-24 13:07:29'),
('Ue13aa3cd3fd5a5e1d4743d8621d48c55', '0176fdf975', 'enter', 'a0a3b33145fe', '2024-10-24 13:07:32'),
('Ue13aa3cd3fd5a5e1d4743d8621d48c55', '0176fdf975', 'enter', 'a0a3b33145fe', '2024-10-24 13:07:34'),
('Ue13aa3cd3fd5a5e1d4743d8621d48c55', '0176fdf975', 'enter', 'a0a3b33145fe', '2024-10-24 13:08:23'),
('Ue13aa3cd3fd5a5e1d4743d8621d48c55', '0176fdf975', 'enter', 'a0a3b33145fe', '2024-10-24 13:08:33'),
('Ue13aa3cd3fd5a5e1d4743d8621d48c55', '0176fdf975', 'enter', 'a0a3b33145fe', '2024-10-24 13:09:28'),
('Ue13aa3cd3fd5a5e1d4743d8621d48c55', '0176fdf975', 'enter', 'a0a3b33145fe', '2024-10-24 13:09:30'),
('Ue13aa3cd3fd5a5e1d4743d8621d48c55', '0176fdf975', 'enter', 'a0a3b33145fe', '2024-10-24 13:09:31'),
('Ue13aa3cd3fd5a5e1d4743d8621d48c55', '0176fdf975', 'enter', 'a0a3b33145fe', '2024-10-24 13:09:32'),
('Ue13aa3cd3fd5a5e1d4743d8621d48c55', '0176fdf975', 'enter', 'a0a3b33145fe', '2024-10-24 13:09:34'),
('Ue13aa3cd3fd5a5e1d4743d8621d48c55', '0176fdf975', 'enter', 'a0a3b33145fe', '2024-10-24 13:10:30'),
('Ue13aa3cd3fd5a5e1d4743d8621d48c55', '0176fdf975', 'enter', 'a0a3b33145fe', '2024-10-24 13:10:31'),
('Ue13aa3cd3fd5a5e1d4743d8621d48c55', '0176fdf975', 'enter', 'a0a3b33145fe', '2024-10-24 13:10:32'),
('Ue13aa3cd3fd5a5e1d4743d8621d48c55', '0176fdf975', 'enter', 'a0a3b33145fe', '2024-10-24 13:10:34'),
('Ue13aa3cd3fd5a5e1d4743d8621d48c55', '0176fdf975', 'enter', 'a0a3b33145fe', '2024-10-24 13:10:36'),
('Ue13aa3cd3fd5a5e1d4743d8621d48c55', '0176fdf975', 'enter', 'a0a3b33145fe', '2024-10-24 13:11:32'),
('Ue13aa3cd3fd5a5e1d4743d8621d48c55', '0176fdf975', 'enter', 'a0a3b33145fe', '2024-10-24 13:11:33'),
('Ue13aa3cd3fd5a5e1d4743d8621d48c55', '0176fdf975', 'enter', 'a0a3b33145fe', '2024-10-24 13:11:34'),
('Ue13aa3cd3fd5a5e1d4743d8621d48c55', '0176fdf975', 'enter', 'a0a3b33145fe', '2024-10-24 13:11:36'),
('Ue13aa3cd3fd5a5e1d4743d8621d48c55', '0176fdf975', 'enter', 'a0a3b33145fe', '2024-10-24 13:11:38'),
('Ue13aa3cd3fd5a5e1d4743d8621d48c55', '0176fdf975', 'enter', 'a0a3b33145fe', '2024-10-24 13:12:34'),
('Ue13aa3cd3fd5a5e1d4743d8621d48c55', '0176fdf975', 'enter', 'a0a3b33145fe', '2024-10-24 13:12:34'),
('Ue13aa3cd3fd5a5e1d4743d8621d48c55', '0176fdf975', 'enter', 'a0a3b33145fe', '2024-10-24 13:12:35'),
('Ue13aa3cd3fd5a5e1d4743d8621d48c55', '0176fdf975', 'enter', 'a0a3b33145fe', '2024-10-24 13:12:37'),
('Ue13aa3cd3fd5a5e1d4743d8621d48c55', '0176fdf975', 'enter', 'a0a3b33145fe', '2024-10-24 13:13:36'),
('Ue13aa3cd3fd5a5e1d4743d8621d48c55', '0176fdf975', 'enter', 'a0a3b33145fe', '2024-10-24 13:13:36'),
('Ue13aa3cd3fd5a5e1d4743d8621d48c55', '0176fdf975', 'enter', 'a0a3b33145fe', '2024-10-24 13:13:37'),
('Ue13aa3cd3fd5a5e1d4743d8621d48c55', '0176fdf975', 'enter', 'a0a3b33145fe', '2024-10-24 13:13:39'),
('Ue13aa3cd3fd5a5e1d4743d8621d48c55', '0176fdf975', 'enter', 'a0a3b33145fe', '2024-10-24 13:13:39'),
('Ue13aa3cd3fd5a5e1d4743d8621d48c55', '0176fdf975', 'enter', 'a0a3b33145fe', '2024-10-24 13:14:31'),
('Ue13aa3cd3fd5a5e1d4743d8621d48c55', '0176fdf975', 'enter', 'a0a3b33145fe', '2024-10-24 13:14:46'),
('Ue13aa3cd3fd5a5e1d4743d8621d48c55', '0176fdf975', 'enter', 'a0a3b33145fe', '2024-10-24 13:15:13'),
('Ue13aa3cd3fd5a5e1d4743d8621d48c55', '0176fdf975', 'enter', 'a0a3b33145fe', '2024-10-24 13:15:28'),
('Ue13aa3cd3fd5a5e1d4743d8621d48c55', '0176fdf975', 'enter', 'a0a3b33145fe', '2024-10-24 13:15:39'),
('Ue13aa3cd3fd5a5e1d4743d8621d48c55', '0176fdf975', 'enter', 'a0a3b33145fe', '2024-10-24 13:15:40'),
('Ue13aa3cd3fd5a5e1d4743d8621d48c55', '0176fdf975', 'enter', 'a0a3b33145fe', '2024-10-24 13:15:40'),
('Ue13aa3cd3fd5a5e1d4743d8621d48c55', '0176fdf975', 'enter', 'a0a3b33145fe', '2024-10-24 13:15:43'),
('Ue13aa3cd3fd5a5e1d4743d8621d48c55', '0176fdf975', 'enter', 'a0a3b33145fe', '2024-10-24 13:16:14'),
('Ue13aa3cd3fd5a5e1d4743d8621d48c55', '0176fdf975', 'enter', 'a0a3b33145fe', '2024-10-24 13:16:40'),
('Ue13aa3cd3fd5a5e1d4743d8621d48c55', '0176fdf975', 'enter', 'a0a3b33145fe', '2024-10-24 13:16:41'),
('Ue13aa3cd3fd5a5e1d4743d8621d48c55', '0176fdf975', 'enter', 'a0a3b33145fe', '2024-10-24 13:16:41'),
('Ue13aa3cd3fd5a5e1d4743d8621d48c55', '0176fdf975', 'enter', 'a0a3b33145fe', '2024-10-24 13:16:44'),
('Ue13aa3cd3fd5a5e1d4743d8621d48c55', '0176fdf975', 'enter', 'a0a3b33145fe', '2024-10-24 13:16:56'),
('Ue13aa3cd3fd5a5e1d4743d8621d48c55', '0176fdf975', 'enter', 'a0a3b33145fe', '2024-10-24 13:17:42'),
('Ue13aa3cd3fd5a5e1d4743d8621d48c55', '0176fdf975', 'enter', 'a0a3b33145fe', '2024-10-24 13:17:43'),
('Ue13aa3cd3fd5a5e1d4743d8621d48c55', '0176fdf975', 'enter', 'a0a3b33145fe', '2024-10-24 13:17:46'),
('Ue13aa3cd3fd5a5e1d4743d8621d48c55', '0176fdf975', 'enter', 'a0a3b33145fe', '2024-10-24 13:18:44'),
('Ue13aa3cd3fd5a5e1d4743d8621d48c55', '0176fdf975', 'enter', 'a0a3b33145fe', '2024-10-24 13:18:45'),
('Ue13aa3cd3fd5a5e1d4743d8621d48c55', '0176fdf975', 'enter', 'a0a3b33145fe', '2024-10-24 13:18:48'),
('Ue13aa3cd3fd5a5e1d4743d8621d48c55', '0176fdf975', 'enter', 'a0a3b33145fe', '2024-10-24 13:19:46');
INSERT INTO `beacon_events` (`user_id`, `hwid`, `type`, `dm`, `datetimeregis`) VALUES
('Ue13aa3cd3fd5a5e1d4743d8621d48c55', '0176fdf975', 'enter', 'a0a3b33145fe', '2024-10-24 13:19:49'),
('Ue13aa3cd3fd5a5e1d4743d8621d48c55', '0176fdf975', 'enter', 'a0a3b33145fe', '2024-10-24 13:20:39'),
('Ue13aa3cd3fd5a5e1d4743d8621d48c55', '0176fdf975', 'enter', 'a0a3b33145fe', '2024-10-24 13:21:50'),
('Ue13aa3cd3fd5a5e1d4743d8621d48c55', '0176fdf975', 'enter', 'a0a3b33145fe', '2024-10-24 13:24:52'),
('Ue13aa3cd3fd5a5e1d4743d8621d48c55', '0176fdf975', 'enter', 'a0a3b33145fe', '2024-10-24 13:25:47'),
('Ue13aa3cd3fd5a5e1d4743d8621d48c55', '0176fdf975', 'enter', 'a0a3b33145fe', '2024-10-24 13:25:53'),
('Ue13aa3cd3fd5a5e1d4743d8621d48c55', '0176fdf975', 'enter', 'a0a3b33145fe', '2024-10-24 13:26:49'),
('Ue13aa3cd3fd5a5e1d4743d8621d48c55', '0176fdf975', 'enter', 'a0a3b33145fe', '2024-10-24 13:27:57'),
('Ue13aa3cd3fd5a5e1d4743d8621d48c55', '0176fdf975', 'enter', 'a0a3b33145fe', '2024-10-24 13:28:53'),
('Ue13aa3cd3fd5a5e1d4743d8621d48c55', '0176fdf975', 'enter', 'a0a3b33145fe', '2024-10-24 13:28:58'),
('Ue13aa3cd3fd5a5e1d4743d8621d48c55', '0176fdf975', 'enter', 'a0a3b33145fe', '2024-10-24 13:29:55'),
('Ue13aa3cd3fd5a5e1d4743d8621d48c55', '0176fdf975', 'enter', 'a0a3b33145fe', '2024-10-24 13:30:00'),
('Ue13aa3cd3fd5a5e1d4743d8621d48c55', '0176fdf975', 'enter', 'a0a3b33145fe', '2024-10-24 13:30:57'),
('Ue13aa3cd3fd5a5e1d4743d8621d48c55', '0176fdf975', 'enter', 'a0a3b33145fe', '2024-10-24 13:31:02'),
('Ue13aa3cd3fd5a5e1d4743d8621d48c55', '0176fdf975', 'enter', 'a0a3b33145fe', '2024-10-24 13:31:21'),
('Ue13aa3cd3fd5a5e1d4743d8621d48c55', '0176fdf975', 'enter', 'a0a3b33145fe', '2024-10-24 13:31:59'),
('Ue13aa3cd3fd5a5e1d4743d8621d48c55', '0176fdf975', 'enter', 'a0a3b33145fe', '2024-10-24 13:32:04'),
('Ue13aa3cd3fd5a5e1d4743d8621d48c55', '0176fdf975', 'enter', 'a0a3b33145fe', '2024-10-24 13:33:23'),
('Ue13aa3cd3fd5a5e1d4743d8621d48c55', '0176fdf975', 'enter', 'a0a3b33145fe', '2024-10-24 13:34:03'),
('Ue13aa3cd3fd5a5e1d4743d8621d48c55', '0176fdf975', 'enter', 'a0a3b33145fe', '2024-10-24 13:34:07'),
('Ue13aa3cd3fd5a5e1d4743d8621d48c55', '0176fdf975', 'enter', 'a0a3b33145fe', '2024-10-24 13:34:07'),
('Ue13aa3cd3fd5a5e1d4743d8621d48c55', '0176fdf975', 'enter', 'a0a3b33145fe', '2024-10-24 13:34:25'),
('Ue13aa3cd3fd5a5e1d4743d8621d48c55', '0176fdf975', 'enter', 'a0a3b33145fe', '2024-10-24 13:35:05'),
('Ue13aa3cd3fd5a5e1d4743d8621d48c55', '0176fdf975', 'enter', 'a0a3b33145fe', '2024-10-24 13:35:09'),
('Ue13aa3cd3fd5a5e1d4743d8621d48c55', '0176fdf975', 'enter', 'a0a3b33145fe', '2024-10-24 13:35:27'),
('Ue13aa3cd3fd5a5e1d4743d8621d48c55', '0176fdf975', 'enter', 'a0a3b33145fe', '2024-10-24 13:36:07'),
('Ue13aa3cd3fd5a5e1d4743d8621d48c55', '0176fdf975', 'enter', 'a0a3b33145fe', '2024-10-24 13:36:10'),
('Ue13aa3cd3fd5a5e1d4743d8621d48c55', '0176fdf975', 'enter', 'a0a3b33145fe', '2024-10-24 13:36:29'),
('Ue13aa3cd3fd5a5e1d4743d8621d48c55', '0176fdf975', 'enter', 'a0a3b33145fe', '2024-10-24 13:37:09'),
('Ue13aa3cd3fd5a5e1d4743d8621d48c55', '0176fdf975', 'enter', 'a0a3b33145fe', '2024-10-24 13:37:12'),
('Ue13aa3cd3fd5a5e1d4743d8621d48c55', '0176fdf975', 'enter', 'a0a3b33145fe', '2024-10-24 13:37:30'),
('Ue13aa3cd3fd5a5e1d4743d8621d48c55', '0176fdf975', 'enter', 'a0a3b33145fe', '2024-10-24 13:38:12'),
('Ue13aa3cd3fd5a5e1d4743d8621d48c55', '0176fdf975', 'enter', 'a0a3b33145fe', '2024-10-24 13:38:14'),
('Ue13aa3cd3fd5a5e1d4743d8621d48c55', '0176fdf975', 'enter', 'a0a3b33145fe', '2024-10-24 13:38:31'),
('Ue13aa3cd3fd5a5e1d4743d8621d48c55', '0176fdf975', 'enter', 'a0a3b33145fe', '2024-10-24 13:39:08'),
('Ue13aa3cd3fd5a5e1d4743d8621d48c55', '0176fdf975', 'enter', 'a0a3b33145fe', '2024-10-24 13:39:32'),
('Ue13aa3cd3fd5a5e1d4743d8621d48c55', '0176fdf975', 'enter', 'a0a3b33145fe', '2024-10-24 13:40:15'),
('Ue13aa3cd3fd5a5e1d4743d8621d48c55', '0176fdf975', 'enter', 'a0a3b33145fe', '2024-10-24 13:40:18'),
('Ue13aa3cd3fd5a5e1d4743d8621d48c55', '0176fdf975', 'enter', 'a0a3b33145fe', '2024-10-24 13:40:30'),
('Ue13aa3cd3fd5a5e1d4743d8621d48c55', '0176fdf975', 'enter', 'a0a3b33145fe', '2024-10-24 13:40:34'),
('Ue13aa3cd3fd5a5e1d4743d8621d48c55', '0176fdf975', 'enter', 'a0a3b33145fe', '2024-10-24 13:41:17'),
('Ue13aa3cd3fd5a5e1d4743d8621d48c55', '0176fdf975', 'enter', 'a0a3b33145fe', '2024-10-24 13:41:36'),
('Ue13aa3cd3fd5a5e1d4743d8621d48c55', '0176fdf975', 'enter', 'a0a3b33145fe', '2024-10-24 13:42:39'),
('Ue13aa3cd3fd5a5e1d4743d8621d48c55', '0176fdf975', 'enter', 'a0a3b33145fe', '2024-10-24 13:43:28'),
('Ue13aa3cd3fd5a5e1d4743d8621d48c55', '0176fdf975', 'enter', 'a0a3b33145fe', '2024-10-24 13:43:40'),
('Ue13aa3cd3fd5a5e1d4743d8621d48c55', '0176fdf975', 'enter', 'a0a3b33145fe', '2024-10-24 13:43:55'),
('Ufc8a7288417c56741daefb7a8968c9e6', '0176fdf975', 'enter', 'a0a3b33145fe', '2024-10-24 13:44:14'),
('Ue13aa3cd3fd5a5e1d4743d8621d48c55', '0176fdf975', 'enter', 'a0a3b33145fe', '2024-10-24 13:44:23'),
('Ue13aa3cd3fd5a5e1d4743d8621d48c55', '0176fdf975', 'enter', 'a0a3b33145fe', '2024-10-24 13:44:42'),
('Ue13aa3cd3fd5a5e1d4743d8621d48c55', '0176fdf975', 'enter', 'a0a3b33145fe', '2024-10-24 13:45:05'),
('Ue13aa3cd3fd5a5e1d4743d8621d48c55', '0176fdf975', 'enter', 'a0a3b33145fe', '2024-10-24 13:46:07'),
('Ufc8a7288417c56741daefb7a8968c9e6', '0176fdf975', 'enter', 'a0a3b33145fe', '2024-10-24 13:46:15'),
('Ue13aa3cd3fd5a5e1d4743d8621d48c55', '0176fdf975', 'enter', 'a0a3b33145fe', '2024-10-24 13:46:16'),
('Ue13aa3cd3fd5a5e1d4743d8621d48c55', '0176fdf975', 'enter', 'a0a3b33145fe', '2024-10-24 13:46:47'),
('Ue13aa3cd3fd5a5e1d4743d8621d48c55', '0176fdf975', 'enter', 'a0a3b33145fe', '2024-10-24 13:47:09'),
('Ufc8a7288417c56741daefb7a8968c9e6', '0176fdf975', 'enter', 'a0a3b33145fe', '2024-10-24 13:47:11'),
('Ue13aa3cd3fd5a5e1d4743d8621d48c55', '0176fdf975', 'enter', 'a0a3b33145fe', '2024-10-24 13:47:16'),
('Ue13aa3cd3fd5a5e1d4743d8621d48c55', '0176fdf975', 'enter', 'a0a3b33145fe', '2024-10-24 13:47:49'),
('Ue13aa3cd3fd5a5e1d4743d8621d48c55', '0176fdf975', 'enter', 'a0a3b33145fe', '2024-10-24 13:48:06'),
('Ue13aa3cd3fd5a5e1d4743d8621d48c55', '0176fdf975', 'enter', 'a0a3b33145fe', '2024-10-24 13:48:11'),
('Ue13aa3cd3fd5a5e1d4743d8621d48c55', '0176fdf975', 'enter', 'a0a3b33145fe', '2024-10-24 13:48:51'),
('Ue13aa3cd3fd5a5e1d4743d8621d48c55', '0176fdf975', 'enter', 'a0a3b33145fe', '2024-10-24 13:49:13'),
('Ue13aa3cd3fd5a5e1d4743d8621d48c55', '0176fdf975', 'enter', 'a0a3b33145fe', '2024-10-24 13:50:15'),
('Ue13aa3cd3fd5a5e1d4743d8621d48c55', '0176fdf975', 'enter', 'a0a3b33145fe', '2024-10-24 13:51:17'),
('Ue13aa3cd3fd5a5e1d4743d8621d48c55', '0176fdf975', 'enter', 'a0a3b33145fe', '2024-10-24 13:51:46'),
('Ue13aa3cd3fd5a5e1d4743d8621d48c55', '0176fdf975', 'enter', 'a0a3b33145fe', '2024-10-24 13:53:21'),
('Ue13aa3cd3fd5a5e1d4743d8621d48c55', '0176fdf975', 'enter', 'a0a3b33145fe', '2024-10-24 13:54:23'),
('Ue13aa3cd3fd5a5e1d4743d8621d48c55', '0176fdf975', 'enter', 'a0a3b33145fe', '2024-10-24 13:55:25'),
('Ue13aa3cd3fd5a5e1d4743d8621d48c55', '0176fdf975', 'enter', 'a0a3b33145fe', '2024-10-24 13:56:27'),
('Ue13aa3cd3fd5a5e1d4743d8621d48c55', '0176fdf975', 'enter', 'a0a3b33145fe', '2024-10-24 13:57:29'),
('Ue13aa3cd3fd5a5e1d4743d8621d48c55', '0176fdf975', 'enter', 'a0a3b33145fe', '2024-10-24 13:58:20'),
('Ue13aa3cd3fd5a5e1d4743d8621d48c55', '0176fdf975', 'enter', 'a0a3b33145fe', '2024-10-24 13:59:33'),
('Ue13aa3cd3fd5a5e1d4743d8621d48c55', '0176fdf975', 'enter', 'a0a3b33145fe', '2024-10-24 14:00:35'),
('Ue13aa3cd3fd5a5e1d4743d8621d48c55', '0176fdf975', 'enter', 'a0a3b33145fe', '2024-10-24 17:11:43'),
('Ue13aa3cd3fd5a5e1d4743d8621d48c55', '0176fdf975', 'enter', 'a0a3b33145fe', '2024-10-24 17:11:51'),
('Ue13aa3cd3fd5a5e1d4743d8621d48c55', '0176fdf975', 'enter', 'a0a3b33145fe', '2024-10-24 17:12:46'),
('Ue13aa3cd3fd5a5e1d4743d8621d48c55', '0176fdf975', 'enter', 'a0a3b33145fe', '2024-10-24 17:12:59'),
('Ue13aa3cd3fd5a5e1d4743d8621d48c55', '0176fdf975', 'enter', 'a0a3b33145fe', '2024-10-24 17:13:48'),
('Ue13aa3cd3fd5a5e1d4743d8621d48c55', '0176fdf975', 'enter', 'a0a3b33145fe', '2024-10-24 17:14:50'),
('Ue13aa3cd3fd5a5e1d4743d8621d48c55', '0176fdf975', 'enter', 'a0a3b33145fe', '2024-10-24 17:15:52'),
('Ue13aa3cd3fd5a5e1d4743d8621d48c55', '0176fdf975', 'enter', 'a0a3b33145fe', '2024-10-24 17:17:56'),
('Ue13aa3cd3fd5a5e1d4743d8621d48c55', '0176fdf975', 'enter', 'a0a3b32fadf2', '2024-10-24 17:18:30'),
('Ue13aa3cd3fd5a5e1d4743d8621d48c55', '0176fdf975', 'enter', 'a0a3b33145fe', '2024-10-24 17:18:58'),
('Ue13aa3cd3fd5a5e1d4743d8621d48c55', '0176fdf975', 'enter', 'a0a3b33145fe', '2024-10-24 17:20:00'),
('Ue13aa3cd3fd5a5e1d4743d8621d48c55', '0176fdf975', 'enter', 'a0a3b33145fe', '2024-10-24 17:21:02'),
('Ue13aa3cd3fd5a5e1d4743d8621d48c55', '0176fdf975', 'enter', 'a0a3b33145fe', '2024-10-24 17:22:04'),
('Ue13aa3cd3fd5a5e1d4743d8621d48c55', '0176fdf975', 'enter', 'a0a3b33145fe', '2024-10-24 17:22:36'),
('Ue13aa3cd3fd5a5e1d4743d8621d48c55', '0176fdf975', 'enter', 'a0a3b33145fe', '2024-10-24 17:24:08'),
('Ue13aa3cd3fd5a5e1d4743d8621d48c55', '0176fdf975', 'enter', 'a0a3b33145fe', '2024-10-24 17:25:10'),
('Ue13aa3cd3fd5a5e1d4743d8621d48c55', '0176fdf975', 'enter', 'a0a3b33145fe', '2024-10-24 17:27:14'),
('Ue13aa3cd3fd5a5e1d4743d8621d48c55', '0176fdf975', 'enter', 'a0a3b33145fe', '2024-10-24 17:48:41'),
('Ue13aa3cd3fd5a5e1d4743d8621d48c55', '0176fdf975', 'enter', 'a0a3b33145fe', '2024-10-24 17:48:59'),
('Ue13aa3cd3fd5a5e1d4743d8621d48c55', '0176fdf975', 'enter', 'a0a3b33145fe', '2024-10-24 17:49:43'),
('Ue13aa3cd3fd5a5e1d4743d8621d48c55', '0176fdf975', 'enter', 'a0a3b33145fe', '2024-10-24 17:50:45'),
('Ue13aa3cd3fd5a5e1d4743d8621d48c55', '0176fdf975', 'enter', 'a0a3b33145fe', '2024-10-24 17:51:47'),
('Ue13aa3cd3fd5a5e1d4743d8621d48c55', '0176fdf975', 'enter', 'a0a3b33145fe', '2024-10-24 17:52:49'),
('Ue13aa3cd3fd5a5e1d4743d8621d48c55', '0176fdf975', 'enter', 'a0a3b33145fe', '2024-10-24 17:53:51'),
('Ue13aa3cd3fd5a5e1d4743d8621d48c55', '0176fdf975', 'enter', 'a0a3b33145fe', '2024-10-24 17:55:55'),
('Ue13aa3cd3fd5a5e1d4743d8621d48c55', '0176fdf975', 'enter', 'a0a3b33145fe', '2024-10-24 17:57:59'),
('Ue13aa3cd3fd5a5e1d4743d8621d48c55', '0176fdf975', 'enter', 'a0a3b33145fe', '2024-10-24 17:59:02'),
('Ue13aa3cd3fd5a5e1d4743d8621d48c55', '0176fdf975', 'enter', 'a0a3b33145fe', '2024-10-24 18:00:03'),
('Ue13aa3cd3fd5a5e1d4743d8621d48c55', '0176fdf975', 'enter', 'a0a3b33145fe', '2024-10-24 18:00:54'),
('Ue13aa3cd3fd5a5e1d4743d8621d48c55', '0176fdf975', 'enter', 'a0a3b33145fe', '2024-10-24 18:02:07'),
('Ue13aa3cd3fd5a5e1d4743d8621d48c55', '0176fdf975', 'enter', 'a0a3b33145fe', '2024-10-24 18:03:09'),
('Ue13aa3cd3fd5a5e1d4743d8621d48c55', '0176fdf975', 'enter', 'a0a3b33145fe', '2024-10-24 18:11:35'),
('Ue13aa3cd3fd5a5e1d4743d8621d48c55', '0176fdf975', 'enter', 'a0a3b33145fe', '2024-10-24 18:11:41'),
('Ue13aa3cd3fd5a5e1d4743d8621d48c55', '0176fdf975', 'enter', 'a0a3b33145fe', '2024-10-24 18:12:38'),
('Ue13aa3cd3fd5a5e1d4743d8621d48c55', '0176fdf975', 'enter', 'a0a3b33145fe', '2024-10-24 18:13:40'),
('Ue13aa3cd3fd5a5e1d4743d8621d48c55', '0176fdf975', 'enter', 'a0a3b33145fe', '2024-10-24 18:14:42'),
('Ue13aa3cd3fd5a5e1d4743d8621d48c55', '0176fdf975', 'enter', 'a0a3b33145fe', '2024-10-24 18:15:44'),
('Ue13aa3cd3fd5a5e1d4743d8621d48c55', '0176fdf975', 'enter', 'a0a3b33145fe', '2024-10-24 18:17:48'),
('Ue13aa3cd3fd5a5e1d4743d8621d48c55', '0176fdf975', 'enter', 'a0a3b33145fe', '2024-10-24 18:18:50'),
('Ue13aa3cd3fd5a5e1d4743d8621d48c55', '0176fdf975', 'enter', 'a0a3b33145fe', '2024-10-24 18:19:52'),
('Ue13aa3cd3fd5a5e1d4743d8621d48c55', '0176fdf975', 'enter', 'a0a3b33145fe', '2024-10-24 18:20:08'),
('Ue13aa3cd3fd5a5e1d4743d8621d48c55', '0176fdf975', 'enter', 'a0a3b33145fe', '2024-10-24 18:20:55'),
('Ue13aa3cd3fd5a5e1d4743d8621d48c55', '0176fdf975', 'enter', 'a0a3b33145fe', '2024-10-24 18:21:11'),
('Ue13aa3cd3fd5a5e1d4743d8621d48c55', '0176fdf975', 'enter', 'a0a3b33145fe', '2024-10-24 18:21:18'),
('Ue13aa3cd3fd5a5e1d4743d8621d48c55', '0176fdf975', 'enter', 'a0a3b33145fe', '2024-10-24 18:21:56'),
('Ue13aa3cd3fd5a5e1d4743d8621d48c55', '0176fdf975', 'enter', 'a0a3b33145fe', '2024-10-24 18:22:12'),
('Ue13aa3cd3fd5a5e1d4743d8621d48c55', '0176fdf975', 'enter', 'a0a3b33145fe', '2024-10-24 18:22:51'),
('Ue13aa3cd3fd5a5e1d4743d8621d48c55', '0176fdf975', 'enter', 'a0a3b33145fe', '2024-10-24 18:23:51'),
('Ue13aa3cd3fd5a5e1d4743d8621d48c55', '0176fdf975', 'enter', 'a0a3b33145fe', '2024-10-24 18:23:59'),
('Ue13aa3cd3fd5a5e1d4743d8621d48c55', '0176fdf975', 'enter', 'a0a3b33145fe', '2024-10-24 18:24:15'),
('Ue13aa3cd3fd5a5e1d4743d8621d48c55', '0176fdf975', 'enter', 'a0a3b33145fe', '2024-10-24 18:25:01'),
('Ue13aa3cd3fd5a5e1d4743d8621d48c55', '0176fdf975', 'enter', 'a0a3b33145fe', '2024-10-24 18:25:16'),
('Ue13aa3cd3fd5a5e1d4743d8621d48c55', '0176fdf975', 'enter', 'a0a3b33145fe', '2024-10-24 18:26:03'),
('Ue13aa3cd3fd5a5e1d4743d8621d48c55', '0176fdf975', 'enter', 'a0a3b33145fe', '2024-10-24 18:26:18'),
('Ue13aa3cd3fd5a5e1d4743d8621d48c55', '0176fdf975', 'enter', 'a0a3b33145fe', '2024-10-24 18:27:05'),
('Ue13aa3cd3fd5a5e1d4743d8621d48c55', '0176fdf975', 'enter', 'a0a3b33145fe', '2024-10-24 18:27:20'),
('Ue13aa3cd3fd5a5e1d4743d8621d48c55', '0176fdf975', 'enter', 'a0a3b33145fe', '2024-10-24 18:28:22'),
('Ue13aa3cd3fd5a5e1d4743d8621d48c55', '0176fdf975', 'enter', 'a0a3b33145fe', '2024-10-24 18:29:14'),
('Ue13aa3cd3fd5a5e1d4743d8621d48c55', '0176fdf975', 'enter', 'a0a3b33145fe', '2024-10-24 18:30:27'),
('Ue13aa3cd3fd5a5e1d4743d8621d48c55', '0176fdf975', 'enter', 'a0a3b33145fe', '2024-10-24 18:31:29'),
('Ue13aa3cd3fd5a5e1d4743d8621d48c55', '0176fdf975', 'enter', 'a0a3b33145fe', '2024-10-24 18:32:30'),
('Ue13aa3cd3fd5a5e1d4743d8621d48c55', '0176fdf975', 'enter', 'a0a3b33145fe', '2024-10-24 18:33:32'),
('Ue13aa3cd3fd5a5e1d4743d8621d48c55', '0176fdf975', 'enter', 'a0a3b33145fe', '2024-10-24 18:34:34'),
('Ue13aa3cd3fd5a5e1d4743d8621d48c55', '0176fdf975', 'enter', 'a0a3b33145fe', '2024-10-24 18:35:25'),
('Ue13aa3cd3fd5a5e1d4743d8621d48c55', '0176fdf975', 'enter', 'a0a3b33145fe', '2024-10-24 18:40:18'),
('Ue13aa3cd3fd5a5e1d4743d8621d48c55', '0176fdf975', 'enter', 'a0a3b33145fe', '2024-10-24 18:40:59'),
('Ue13aa3cd3fd5a5e1d4743d8621d48c55', '0176fdf975', 'enter', 'a0a3b33145fe', '2024-10-24 18:41:20'),
('Ue13aa3cd3fd5a5e1d4743d8621d48c55', '0176fdf975', 'enter', 'a0a3b33145fe', '2024-10-24 18:42:23'),
('Ue13aa3cd3fd5a5e1d4743d8621d48c55', '0176fdf975', 'enter', 'a0a3b33145fe', '2024-10-24 18:43:24'),
('Ue13aa3cd3fd5a5e1d4743d8621d48c55', '0176fdf975', 'enter', 'a0a3b33145fe', '2024-10-24 18:44:26'),
('Ue13aa3cd3fd5a5e1d4743d8621d48c55', '0176fdf975', 'enter', 'a0a3b33145fe', '2024-10-24 18:45:18'),
('Ue13aa3cd3fd5a5e1d4743d8621d48c55', '0176fdf975', 'enter', 'a0a3b33145fe', '2024-10-24 18:46:30'),
('Ue13aa3cd3fd5a5e1d4743d8621d48c55', '0176fdf975', 'enter', 'a0a3b33145fe', '2024-10-24 18:47:32'),
('Ue13aa3cd3fd5a5e1d4743d8621d48c55', '0176fdf975', 'enter', 'a0a3b33145fe', '2024-10-24 18:48:34'),
('Ue13aa3cd3fd5a5e1d4743d8621d48c55', '0176fdf975', 'enter', 'a0a3b33145fe', '2024-10-24 18:49:36'),
('Ue13aa3cd3fd5a5e1d4743d8621d48c55', '0176fdf975', 'enter', 'a0a3b33145fe', '2024-10-24 18:50:38'),
('Ue13aa3cd3fd5a5e1d4743d8621d48c55', '0176fdf975', 'enter', 'a0a3b33145fe', '2024-10-24 18:51:29'),
('Ue13aa3cd3fd5a5e1d4743d8621d48c55', '0176fdf975', 'enter', 'a0a3b33145fe', '2024-10-24 18:52:43'),
('Ue13aa3cd3fd5a5e1d4743d8621d48c55', '0176fdf975', 'enter', 'a0a3b33145fe', '2024-10-24 18:53:44'),
('Ue13aa3cd3fd5a5e1d4743d8621d48c55', '0176fdf975', 'enter', 'a0a3b33145fe', '2024-10-24 18:54:46'),
('Ue13aa3cd3fd5a5e1d4743d8621d48c55', '0176fdf975', 'enter', 'a0a3b32fadf2', '2024-10-29 14:22:56'),
('Ue13aa3cd3fd5a5e1d4743d8621d48c55', '0176fdf975', 'enter', 'a0a3b32fadf2', '2024-10-29 14:23:26'),
('Ue13aa3cd3fd5a5e1d4743d8621d48c55', '0176fdf975', 'enter', 'a0a3b32fadf2', '2024-10-29 14:23:58'),
('Ue13aa3cd3fd5a5e1d4743d8621d48c55', '0176fdf975', 'enter', 'a0a3b32fadf2', '2024-10-29 14:24:28'),
('Ue13aa3cd3fd5a5e1d4743d8621d48c55', '0176fdf975', 'enter', 'a0a3b32fadf2', '2024-10-29 14:25:00'),
('Ue13aa3cd3fd5a5e1d4743d8621d48c55', '0176fdf975', 'enter', 'a0a3b32fadf2', '2024-10-29 14:25:30'),
('Ue13aa3cd3fd5a5e1d4743d8621d48c55', '0176fdf975', 'enter', 'a0a3b32fadf2', '2024-10-29 14:26:02'),
('Ue13aa3cd3fd5a5e1d4743d8621d48c55', '0176fdf975', 'enter', 'a0a3b32fadf2', '2024-10-29 14:26:32'),
('Ufc8a7288417c56741daefb7a8968c9e6', '0176fdf975', 'enter', 'a0a3b32fadf2', '2024-10-29 14:26:50'),
('Ue13aa3cd3fd5a5e1d4743d8621d48c55', '0176fdf975', 'enter', 'a0a3b32fadf2', '2024-10-29 14:27:04'),
('Ue13aa3cd3fd5a5e1d4743d8621d48c55', '0176fdf975', 'enter', 'a0a3b32fadf2', '2024-10-29 14:27:34'),
('Ue13aa3cd3fd5a5e1d4743d8621d48c55', '0176fdf975', 'enter', 'a0a3b32fadf2', '2024-10-29 14:28:06'),
('Ue13aa3cd3fd5a5e1d4743d8621d48c55', '0176fdf975', 'enter', 'a0a3b32fadf2', '2024-10-29 14:28:36'),
('Ue13aa3cd3fd5a5e1d4743d8621d48c55', '0176fdf975', 'enter', 'a0a3b32fadf2', '2024-10-29 14:29:07'),
('Ue13aa3cd3fd5a5e1d4743d8621d48c55', '0176fdf975', 'enter', 'a0a3b32fadf2', '2024-10-29 14:29:38'),
('Ue13aa3cd3fd5a5e1d4743d8621d48c55', '0176fdf975', 'enter', 'a0a3b32fadf2', '2024-10-29 14:30:10'),
('Ue13aa3cd3fd5a5e1d4743d8621d48c55', '0176fdf975', 'enter', 'a0a3b32fadf2', '2024-10-29 14:32:14'),
('Ue13aa3cd3fd5a5e1d4743d8621d48c55', '0176fdf975', 'enter', 'a0a3b32fadf2', '2024-10-29 14:32:45'),
('Ue13aa3cd3fd5a5e1d4743d8621d48c55', '0176fdf975', 'enter', 'a0a3b32fadf2', '2024-10-29 14:33:16'),
('Ue13aa3cd3fd5a5e1d4743d8621d48c55', '0176fdf975', 'enter', 'a0a3b32fadf2', '2024-10-29 14:33:46'),
('Ue13aa3cd3fd5a5e1d4743d8621d48c55', '0176fdf975', 'enter', 'a0a3b32fadf2', '2024-10-29 14:34:18'),
('Ue13aa3cd3fd5a5e1d4743d8621d48c55', '0176fdf975', 'enter', 'a0a3b32fadf2', '2024-10-29 14:34:49'),
('Ue13aa3cd3fd5a5e1d4743d8621d48c55', '0176fdf975', 'enter', 'a0a3b32fadf2', '2024-10-29 14:35:20'),
('Ue13aa3cd3fd5a5e1d4743d8621d48c55', '0176fdf975', 'enter', 'a0a3b32fadf2', '2024-10-29 14:35:50'),
('Ue13aa3cd3fd5a5e1d4743d8621d48c55', '0176fdf975', 'enter', 'a0a3b32fadf2', '2024-10-29 14:36:22'),
('Ue13aa3cd3fd5a5e1d4743d8621d48c55', '0176fdf975', 'enter', 'a0a3b32fadf2', '2024-10-29 14:36:52'),
('Ue13aa3cd3fd5a5e1d4743d8621d48c55', '0176fdf975', 'enter', 'a0a3b32fadf2', '2024-10-29 14:37:23'),
('Ue13aa3cd3fd5a5e1d4743d8621d48c55', '0176fdf975', 'enter', 'a0a3b32fadf2', '2024-10-29 14:37:53'),
('Ue13aa3cd3fd5a5e1d4743d8621d48c55', '0176fdf975', 'enter', 'a0a3b32fadf2', '2024-10-29 14:38:25'),
('Ue13aa3cd3fd5a5e1d4743d8621d48c55', '0176fdf975', 'enter', 'ff', '2024-10-29 16:53:10'),
('Ue13aa3cd3fd5a5e1d4743d8621d48c55', '0176fdf975', 'enter', 'ff', '2024-10-29 16:54:11'),
('Ue13aa3cd3fd5a5e1d4743d8621d48c55', '0176fdf975', 'enter', 'ff', '2024-10-29 16:55:13'),
('Ue13aa3cd3fd5a5e1d4743d8621d48c55', '0176fdf975', 'enter', 'ff', '2024-10-29 16:55:31'),
('Ue13aa3cd3fd5a5e1d4743d8621d48c55', '0176fdf975', 'enter', 'ff', '2024-10-29 16:55:44'),
('Ue13aa3cd3fd5a5e1d4743d8621d48c55', '0176fdf975', 'enter', 'ff', '2024-10-29 16:56:16'),
('Ue13aa3cd3fd5a5e1d4743d8621d48c55', '0176fdf975', 'enter', 'ff', '2024-10-29 16:56:48'),
('Ue13aa3cd3fd5a5e1d4743d8621d48c55', '0176fdf975', 'enter', 'ff', '2024-10-29 16:57:18'),
('Ue13aa3cd3fd5a5e1d4743d8621d48c55', '0176fdf975', 'enter', 'ff', '2024-10-29 16:58:09'),
('Ue13aa3cd3fd5a5e1d4743d8621d48c55', '0176fdf975', 'enter', 'ff', '2024-10-29 16:58:19'),
('Ue13aa3cd3fd5a5e1d4743d8621d48c55', '0176fdf975', 'enter', 'ff', '2024-10-29 16:59:21'),
('Ue13aa3cd3fd5a5e1d4743d8621d48c55', '0176fdf975', 'enter', 'ff', '2024-10-29 17:00:04'),
('Ue13aa3cd3fd5a5e1d4743d8621d48c55', '0176fdf975', 'enter', 'ff', '2024-10-29 17:01:25'),
('Ue13aa3cd3fd5a5e1d4743d8621d48c55', '0176fdf975', 'enter', 'ff', '2024-10-29 17:02:27'),
('Ue13aa3cd3fd5a5e1d4743d8621d48c55', '0176fdf975', 'enter', 'ff', '2024-10-29 17:03:30'),
('Ue13aa3cd3fd5a5e1d4743d8621d48c55', '0176fdf975', 'enter', 'ff', '2024-10-29 17:04:31'),
('Ue13aa3cd3fd5a5e1d4743d8621d48c55', '0176fdf975', 'enter', 'ff', '2024-10-29 17:05:33'),
('Ue13aa3cd3fd5a5e1d4743d8621d48c55', '0176fdf975', 'enter', 'ff', '2024-10-29 17:06:35'),
('Ue13aa3cd3fd5a5e1d4743d8621d48c55', '0176fdf975', 'enter', 'ff', '2024-10-29 17:07:37'),
('Ue13aa3cd3fd5a5e1d4743d8621d48c55', '0176fdf975', 'enter', 'ff', '2024-10-29 17:08:39'),
('Ue13aa3cd3fd5a5e1d4743d8621d48c55', '0176fdf975', 'enter', 'a0a3b32fadf2', '2024-10-29 17:39:40'),
('Ue13aa3cd3fd5a5e1d4743d8621d48c55', '0176fdf975', 'enter', 'a0a3b32fadf2', '2024-10-29 17:40:42'),
('Ue13aa3cd3fd5a5e1d4743d8621d48c55', '0176fdf975', 'enter', 'a0a3b32fadf2', '2024-10-29 17:41:37'),
('Ue13aa3cd3fd5a5e1d4743d8621d48c55', '0176fdf975', 'enter', 'a0a3b32fadf2', '2024-10-29 17:41:43'),
('Ue13aa3cd3fd5a5e1d4743d8621d48c55', '0176fdf975', 'enter', 'a0a3b33145fe', '2024-10-29 17:42:39'),
('Ue13aa3cd3fd5a5e1d4743d8621d48c55', '0176fdf975', 'enter', 'a0a3b32fadf2', '2024-10-29 17:42:44'),
('Ue13aa3cd3fd5a5e1d4743d8621d48c55', '0176fdf975', 'enter', 'a0a3b33145fe', '2024-10-29 17:43:41'),
('Ue13aa3cd3fd5a5e1d4743d8621d48c55', '0176fdf975', 'enter', 'a0a3b32fadf2', '2024-10-29 17:43:45'),
('Ue13aa3cd3fd5a5e1d4743d8621d48c55', '0176fdf975', 'enter', 'a0a3b33145fe', '2024-10-29 17:44:43'),
('Ue13aa3cd3fd5a5e1d4743d8621d48c55', '0176fdf975', 'enter', 'a0a3b32fadf2', '2024-10-29 17:44:46'),
('Ue13aa3cd3fd5a5e1d4743d8621d48c55', '0176fdf975', 'enter', 'a0a3b32fadf2', '2024-10-29 17:45:49'),
('Ue13aa3cd3fd5a5e1d4743d8621d48c55', '0176fdf975', 'enter', 'a0a3b33145fe', '2024-10-29 17:46:46'),
('Ue13aa3cd3fd5a5e1d4743d8621d48c55', '0176fdf975', 'enter', 'a0a3b32fadf2', '2024-10-29 17:46:51'),
('Ue13aa3cd3fd5a5e1d4743d8621d48c55', '0176fdf975', 'enter', 'a0a3b33145fe', '2024-10-29 17:47:49'),
('Ue13aa3cd3fd5a5e1d4743d8621d48c55', '0176fdf975', 'enter', 'a0a3b32fadf2', '2024-10-29 17:47:52'),
('Ue13aa3cd3fd5a5e1d4743d8621d48c55', '0176fdf975', 'enter', 'a0a3b33145fe', '2024-10-29 17:48:51'),
('Ue13aa3cd3fd5a5e1d4743d8621d48c55', '0176fdf975', 'enter', 'a0a3b32fadf2', '2024-10-29 17:48:53'),
('Ue13aa3cd3fd5a5e1d4743d8621d48c55', '0176fdf975', 'enter', 'a0a3b33145fe', '2024-10-29 17:49:53'),
('Ue13aa3cd3fd5a5e1d4743d8621d48c55', '0176fdf975', 'enter', 'a0a3b32fadf2', '2024-10-29 17:49:55'),
('Ue13aa3cd3fd5a5e1d4743d8621d48c55', '0176fdf975', 'enter', 'a0a3b33145fe', '2024-10-29 17:50:55'),
('Ue13aa3cd3fd5a5e1d4743d8621d48c55', '0176fdf975', 'enter', 'a0a3b32fadf2', '2024-10-29 17:50:57'),
('Ue13aa3cd3fd5a5e1d4743d8621d48c55', '0176fdf975', 'enter', 'a0a3b33145fe', '2024-10-29 17:51:58'),
('Ue13aa3cd3fd5a5e1d4743d8621d48c55', '0176fdf975', 'enter', 'a0a3b32fadf2', '2024-10-29 17:51:58'),
('Ue13aa3cd3fd5a5e1d4743d8621d48c55', '0176fdf975', 'enter', 'a0a3b33145fe', '2024-10-29 17:52:59'),
('Ue13aa3cd3fd5a5e1d4743d8621d48c55', '0176fdf975', 'enter', 'a0a3b32fadf2', '2024-10-29 17:53:00'),
('Ue13aa3cd3fd5a5e1d4743d8621d48c55', '0176fdf975', 'enter', 'a0a3b33145fe', '2024-10-29 17:54:01'),
('Ue13aa3cd3fd5a5e1d4743d8621d48c55', '0176fdf975', 'enter', 'a0a3b32fadf2', '2024-10-29 17:54:02'),
('Ue13aa3cd3fd5a5e1d4743d8621d48c55', '0176fdf975', 'enter', 'a0a3b33145fe', '2024-10-29 17:55:03'),
('Ue13aa3cd3fd5a5e1d4743d8621d48c55', '0176fdf975', 'enter', 'a0a3b32fadf2', '2024-10-29 17:55:03'),
('Ue13aa3cd3fd5a5e1d4743d8621d48c55', '0176fdf975', 'enter', 'a0a3b33145fe', '2024-10-29 17:56:05'),
('Ue13aa3cd3fd5a5e1d4743d8621d48c55', '0176fdf975', 'enter', 'a0a3b33145fe', '2024-10-29 17:57:07'),
('Ue13aa3cd3fd5a5e1d4743d8621d48c55', '0176fdf975', 'enter', 'a0a3b33145fe', '2024-10-29 18:38:02'),
('Ue13aa3cd3fd5a5e1d4743d8621d48c55', '0176fdf975', 'enter', 'a0a3b33145fe', '2024-10-29 18:39:04'),
('Ue13aa3cd3fd5a5e1d4743d8621d48c55', '0176fdf975', 'enter', 'a0a3b33145fe', '2024-10-29 18:41:08'),
('Ue13aa3cd3fd5a5e1d4743d8621d48c55', '0176fdf975', 'enter', 'a0a3b33145fe', '2024-10-29 18:42:10'),
('Ue13aa3cd3fd5a5e1d4743d8621d48c55', '0176fdf975', 'enter', 'a0a3b32fadf2', '2024-10-29 18:42:25'),
('Ue13aa3cd3fd5a5e1d4743d8621d48c55', '0176fdf975', 'enter', 'a0a3b33145fe', '2024-10-29 18:43:12'),
('Ue13aa3cd3fd5a5e1d4743d8621d48c55', '0176fdf975', 'enter', 'a0a3b32fadf2', '2024-10-29 18:43:27'),
('Ue13aa3cd3fd5a5e1d4743d8621d48c55', '0176fdf975', 'enter', 'a0a3b33145fe', '2024-10-29 18:44:14'),
('Ue13aa3cd3fd5a5e1d4743d8621d48c55', '0176fdf975', 'enter', 'a0a3b32fadf2', '2024-10-29 18:44:29'),
('Ue13aa3cd3fd5a5e1d4743d8621d48c55', '0176fdf975', 'enter', 'a0a3b32fadf2', '2024-10-29 18:45:07'),
('Ue13aa3cd3fd5a5e1d4743d8621d48c55', '0176fdf975', 'enter', 'a0a3b33145fe', '2024-10-29 18:45:15'),
('Ue13aa3cd3fd5a5e1d4743d8621d48c55', '0176fdf975', 'enter', 'a0a3b32fadf2', '2024-10-29 18:45:30'),
('Ue13aa3cd3fd5a5e1d4743d8621d48c55', '0176fdf975', 'enter', 'a0a3b33145fe', '2024-10-29 18:46:17'),
('Ue13aa3cd3fd5a5e1d4743d8621d48c55', '0176fdf975', 'enter', 'a0a3b32fadf2', '2024-10-29 18:46:32'),
('Ue13aa3cd3fd5a5e1d4743d8621d48c55', '0176fdf975', 'enter', 'a0a3b33145fe', '2024-10-29 18:47:19'),
('Ue13aa3cd3fd5a5e1d4743d8621d48c55', '0176fdf975', 'enter', 'a0a3b32fadf2', '2024-10-29 18:47:33'),
('Ue13aa3cd3fd5a5e1d4743d8621d48c55', '0176fdf975', 'enter', 'a0a3b33145fe', '2024-10-29 18:48:22'),
('Ue13aa3cd3fd5a5e1d4743d8621d48c55', '0176fdf975', 'enter', 'a0a3b32fadf2', '2024-10-29 18:48:35'),
('Ue13aa3cd3fd5a5e1d4743d8621d48c55', '0176fdf975', 'enter', 'a0a3b33145fe', '2024-10-29 18:49:24'),
('Ue13aa3cd3fd5a5e1d4743d8621d48c55', '0176fdf975', 'enter', 'a0a3b32fadf2', '2024-10-29 18:49:36'),
('Ue13aa3cd3fd5a5e1d4743d8621d48c55', '0176fdf975', 'enter', 'a0a3b33145fe', '2024-10-29 18:50:25'),
('Ue13aa3cd3fd5a5e1d4743d8621d48c55', '0176fdf975', 'enter', 'a0a3b32fadf2', '2024-10-29 18:50:37'),
('Ue13aa3cd3fd5a5e1d4743d8621d48c55', '0176fdf975', 'enter', 'a0a3b33145fe', '2024-10-29 18:51:28'),
('Ue13aa3cd3fd5a5e1d4743d8621d48c55', '0176fdf975', 'enter', 'a0a3b32fadf2', '2024-10-29 18:51:38'),
('Ue13aa3cd3fd5a5e1d4743d8621d48c55', '0176fdf975', 'enter', 'a0a3b33145fe', '2024-10-29 18:52:29'),
('Ue13aa3cd3fd5a5e1d4743d8621d48c55', '0176fdf975', 'enter', 'a0a3b32fadf2', '2024-10-29 18:52:40'),
('Ue13aa3cd3fd5a5e1d4743d8621d48c55', '0176fdf975', 'enter', 'a0a3b33145fe', '2024-10-29 18:53:31'),
('Ue13aa3cd3fd5a5e1d4743d8621d48c55', '0176fdf975', 'enter', 'a0a3b32fadf2', '2024-10-29 18:53:42'),
('Ue13aa3cd3fd5a5e1d4743d8621d48c55', '0176fdf975', 'enter', 'a0a3b32fadf2', '2024-10-29 18:54:43'),
('Ue13aa3cd3fd5a5e1d4743d8621d48c55', '0176fdf975', 'enter', 'a0a3b32fadf2', '2024-10-29 18:55:45'),
('Ue13aa3cd3fd5a5e1d4743d8621d48c55', '0176fdf975', 'enter', 'a0a3b32fadf2', '2024-10-29 18:56:47'),
('Ue13aa3cd3fd5a5e1d4743d8621d48c55', '0176fdf975', 'enter', 'a0a3b32fadf2', '2024-10-29 18:57:50');

-- --------------------------------------------------------

--
-- Table structure for table `beacon_info_student`
--

CREATE TABLE `beacon_info_student` (
  `userId` varchar(255) NOT NULL,
  `displayName` varchar(255) NOT NULL,
  `pictureUrl` varchar(255) NOT NULL
) ENGINE=InnoDB DEFAULT CHARSET=utf8mb4 COLLATE=utf8mb4_unicode_ci;

--
-- Dumping data for table `beacon_info_student`
--

INSERT INTO `beacon_info_student` (`userId`, `displayName`, `pictureUrl`) VALUES
('U07008a0563bb85ce8ae1f89e50df8b98', 'KK Premkit', 'https://sprofile.line-scdn.net/0hiCeLbL90NmxINSQNp1VIEzhlNQZrRG9-YQQuWClhOFRyBSJvZFB5XX01aQ4mAnNvNlYuAy02bghEJkEKVmPKWE8Fa110B3E-ZFRxjA'),
('U5b265392d3e9389ff419a901dbeb4e90', 'kanlaya buaphan', 'https://sprofile.line-scdn.net/0h2fuumS4WbUlYDH3R9qgTNihcbiN7fTRbcDgnfG0OYH43NCMZcWl3KW4FYSs2a34ZfDh1fT4EOipUHxovRlqRfV88MHhkPiobdG0qqQ'),
('U823103776e4a0077285b1863b709f4a2', 'เมย่า  ศิลปชัย', 'https://sprofile.line-scdn.net/0h7j8i0wISaEUVEHuIYVoWOmVAay82YTFXaXAvcXBFMSYpdXxAaiIuJXAVZXEhd3pBPSJyc3QXYnUZAx8jC0aUcRIgNXQpIi8XOXEvpQ'),
('Uab26a9e7e39322790615621984b5dc21', 'aom_trt', 'https://sprofile.line-scdn.net/0hIs4qAHsWFlwZCAXLDdRoI2lYFTY6eU9OZ20OaSsJST4gOVZaNmgJPywOGm4nPFEDNTteO3wAGGkVG2E6B17qaB44S20lOlEONWlRvA'),
('Ubc4a1c25369f55b03fdc4287acb58630', 'Crepe', 'https://sprofile.line-scdn.net/0hRF16NeKPDWkcTx7_BS9zFmwfDgM_PlR7ZS5GDSxHA1wlKxk5ZSkRXSodAVpxd0k9NyFKCnpOBFgQXHoPAhnxXRt_UFggfUo7MC5KiQ'),
('Ue13aa3cd3fd5a5e1d4743d8621d48c55', 'phinyo', 'https://sprofile.line-scdn.net/0h4zoR_uUfa1VCK3t2B1EVKjJ7aD9hWjJHaR0nMXV7YjUvHy0EPEp0O3d8PG1-HnlTPU4gOyR-YTJOOBwzXH2XYUUbNmR-GSwHbkostQ'),
('Ue538ae17d75dd56718c7ea1fd9e0bc8d', 'samakan', 'https://sprofile.line-scdn.net/0hPjx2lR2UD0VVSx1683FxOiUbDC92OlZXLS1JKmhCAnVsc05Hf31IJWNDAX1ofxhGei4SI2JIUCVZWHgjSx3zcVJ7UnRpeUgXeSpIpQ'),
('Ue90dc5acea4861b8dab49d4de0e3cba6', 'S_TTERR.S', 'https://sprofile.line-scdn.net/0hxwrcnXV3J1hfGjc_SjRZJy9KJDJ8a35KdC5uOmNJfzsxf2ANI3Q8OTlKLWFneDdbIyttPT0ZKTxTCVA-QUzbbFgqemljKGAKc3tguA'),
('Ufc8a7288417c56741daefb7a8968c9e6', 'ชนากานต์', 'https://sprofile.line-scdn.net/0hKwi671nVFFhETwUxcRhqJzQfFzJnPk1KOytdbnhKSjtwflVaOyBYP3ZHS2x9f1cGPXsObXUYQmlIXGM-WhnobEN_SWl4fVMKaC5TuA');

-- --------------------------------------------------------

--
-- Table structure for table `parent_info`
--

CREATE TABLE `parent_info` (
  `id` int(11) NOT NULL,
  `parent_id` varchar(255) NOT NULL,
  `student_id` int(11) NOT NULL,
  `parent_name` varchar(255) NOT NULL,
  `contact_number` varchar(15) DEFAULT NULL
) ENGINE=InnoDB DEFAULT CHARSET=utf8mb4 COLLATE=utf8mb4_unicode_ci;

--
-- Dumping data for table `parent_info`
--

INSERT INTO `parent_info` (`id`, `parent_id`, `student_id`, `parent_name`, `contact_number`) VALUES
(40, 'U50956a195456d9f014e454a140408230', 644230059, 'พันธวิศ จุ้ยเปี่ยม', '0926353740'),
(45, 'U3e0588c05efce9eb3abd32c469345ab7', 644230059, 'ณรงค์ศักดิ์ ปานเกิดผล', '0947737114'),
(46, 'U3e0588c05efce9eb3abd32c469345ab7', 644230039, 'ณรงค์ศักดิ์ ปานเกิดผล', '0947737114'),
(47, 'U2de726618ab74c0ece85717de6c55fec', 644230059, 'ชนาการ เป่าสลุง', '0879989567');

-- --------------------------------------------------------

--
-- Table structure for table `science`
--

CREATE TABLE `science` (
  `user_id` varchar(255) NOT NULL,
  `hwid` varchar(255) NOT NULL,
  `type` varchar(255) NOT NULL,
  `dm` varchar(255) NOT NULL,
  `datetimeregis` timestamp NOT NULL DEFAULT current_timestamp()
) ENGINE=InnoDB DEFAULT CHARSET=utf8mb4 COLLATE=utf8mb4_unicode_ci;

--
-- Dumping data for table `science`
--

INSERT INTO `science` (`user_id`, `hwid`, `type`, `dm`, `datetimeregis`) VALUES
('U1e21404237c03fa2478afe43ef2c8586', '017e8168b3', 'enter', 'a0a3b32f6ed2', '2024-08-15 05:57:56'),
('U1e21404237c03fa2478afe43ef2c8586', '017e8168b3', 'enter', 'a0a3b32f6ed2', '2024-08-15 05:58:12'),
('U1e21404237c03fa2478afe43ef2c8586', '017e8168b3', 'enter', 'a0a3b32f6ed2', '2024-08-15 05:59:50'),
('U03802540cdd020d7fc12b2b554f1fa35', '017e8168b3', 'enter', 'a0a3b32f6ed2', '2024-08-15 05:59:55'),
('Uc8aff9d6a031af6cd83e32645f3edc35', '017e8168b3', 'enter', 'a0a3b32f6ed2', '2024-08-15 06:00:13'),
('U1e21404237c03fa2478afe43ef2c8586', '017e8168b3', 'enter', 'a0a3b32f6ed2', '2024-08-15 06:00:52'),
('U1e21404237c03fa2478afe43ef2c8586', '017e8168b3', 'enter', 'a0a3b32f6ed2', '2024-08-15 06:01:54'),
('U1e21404237c03fa2478afe43ef2c8586', '017e8168b3', 'enter', 'a0a3b32f6ed2', '2024-08-15 06:02:56'),
('U1e21404237c03fa2478afe43ef2c8586', '017e8168b3', 'enter', 'a0a3b32f6ed2', '2024-08-15 06:03:58'),
('U1e21404237c03fa2478afe43ef2c8586', '017e8168b3', 'enter', 'a0a3b32f6ed2', '2024-08-15 06:05:00'),
('U1e21404237c03fa2478afe43ef2c8586', '017e8168b3', 'enter', 'a0a3b32fadf2', '2024-08-15 06:05:26'),
('U1e21404237c03fa2478afe43ef2c8586', '017e8168b3', 'enter', 'a0a3b32f6ed2', '2024-08-15 06:06:02'),
('U1e21404237c03fa2478afe43ef2c8586', '017e8168b3', 'enter', 'a0a3b32f6ed2', '2024-08-15 06:07:04'),
('U1e21404237c03fa2478afe43ef2c8586', '017e8168b3', 'enter', 'a0a3b32f6ed2', '2024-08-15 06:08:05'),
('U1e21404237c03fa2478afe43ef2c8586', '017e8168b3', 'enter', 'a0a3b32f6ed2', '2024-08-15 06:09:07'),
('U1e21404237c03fa2478afe43ef2c8586', '017e8168b3', 'enter', 'a0a3b32f6ed2', '2024-08-15 06:10:09'),
('U1e21404237c03fa2478afe43ef2c8586', '017e8168b3', 'enter', 'a0a3b32f6ed2', '2024-08-15 06:11:11'),
('U1e21404237c03fa2478afe43ef2c8586', '017e8168b3', 'enter', 'a0a3b32f6ed2', '2024-08-15 06:14:17'),
('U1e21404237c03fa2478afe43ef2c8586', '017e8168b3', 'enter', 'a0a3b32f6ed2', '2024-08-15 06:15:19'),
('U1e21404237c03fa2478afe43ef2c8586', '017e8168b3', 'enter', 'a0a3b32f6ed2', '2024-08-15 06:23:17'),
('U1e21404237c03fa2478afe43ef2c8586', '017e8168b3', 'enter', 'a0a3b32f6ed2', '2024-08-15 06:25:05'),
('U1e21404237c03fa2478afe43ef2c8586', '017e8168b3', 'enter', 'a0a3b32f6ed2', '2024-08-15 06:26:08'),
('U1e21404237c03fa2478afe43ef2c8586', '017e8168b3', 'enter', 'a0a3b32f6ed2', '2024-08-15 06:27:10'),
('U540dfe100a299c2600445340f8a3df21', '017e8168b3', 'enter', 'a0a3b32f6ed2', '2024-08-15 06:27:47'),
('U540dfe100a299c2600445340f8a3df21', '017e8168b3', 'enter', 'a0a3b32f6ed2', '2024-08-15 06:27:53'),
('U1e21404237c03fa2478afe43ef2c8586', '017e8168b3', 'enter', 'a0a3b32f6ed2', '2024-08-15 06:28:11'),
('U1e21404237c03fa2478afe43ef2c8586', '017e8168b3', 'enter', 'a0a3b32f6ed2', '2024-08-15 06:29:14'),
('Ud69554b2cca729fb65a1ca7ff6559dbb', '017e8168b3', 'enter', 'a0a3b32f6ed2', '2024-08-15 06:29:48'),
('U1e21404237c03fa2478afe43ef2c8586', '017e8168b3', 'enter', 'a0a3b32f6ed2', '2024-08-15 06:30:15'),
('Ud69554b2cca729fb65a1ca7ff6559dbb', '017e8168b3', 'enter', 'a0a3b32f6ed2', '2024-08-15 06:30:51'),
('U1e21404237c03fa2478afe43ef2c8586', '017e8168b3', 'enter', 'a0a3b32f6ed2', '2024-08-15 06:31:17'),
('Ud69554b2cca729fb65a1ca7ff6559dbb', '017e8168b3', 'enter', 'a0a3b32f6ed2', '2024-08-15 06:31:53'),
('Ud69554b2cca729fb65a1ca7ff6559dbb', '017e8168b3', 'enter', 'a0a3b32f6ed2', '2024-08-15 06:32:12'),
('U1e21404237c03fa2478afe43ef2c8586', '017e8168b3', 'enter', 'a0a3b32f6ed2', '2024-08-15 06:32:18'),
('Ud69554b2cca729fb65a1ca7ff6559dbb', '017e8168b3', 'enter', 'a0a3b32f6ed2', '2024-08-15 06:32:55'),
('U1e21404237c03fa2478afe43ef2c8586', '017e8168b3', 'enter', 'a0a3b32f6ed2', '2024-08-15 06:33:20'),
('Ud69554b2cca729fb65a1ca7ff6559dbb', '017e8168b3', 'enter', 'a0a3b32f6ed2', '2024-08-15 06:33:57'),
('Ud69554b2cca729fb65a1ca7ff6559dbb', '017e8168b3', 'enter', 'a0a3b32f6ed2', '2024-08-15 06:34:05'),
('U1e21404237c03fa2478afe43ef2c8586', '017e8168b3', 'enter', 'a0a3b32f6ed2', '2024-08-15 06:34:16'),
('U1e21404237c03fa2478afe43ef2c8586', '017e8168b3', 'enter', 'a0a3b32f6ed2', '2024-08-15 06:34:21'),
('Ud69554b2cca729fb65a1ca7ff6559dbb', '017e8168b3', 'enter', 'a0a3b32f6ed2', '2024-08-15 06:34:59'),
('U1e21404237c03fa2478afe43ef2c8586', '017e8168b3', 'enter', 'a0a3b32f6ed2', '2024-08-15 06:35:22'),
('Ud69554b2cca729fb65a1ca7ff6559dbb', '017e8168b3', 'enter', 'a0a3b32f6ed2', '2024-08-15 06:36:01'),
('U1e21404237c03fa2478afe43ef2c8586', '017e8168b3', 'enter', 'a0a3b32f6ed2', '2024-08-15 06:36:24'),
('U540dfe100a299c2600445340f8a3df21', '017e8168b3', 'enter', 'a0a3b32f6ed2', '2024-08-15 06:36:53'),
('Ud69554b2cca729fb65a1ca7ff6559dbb', '017e8168b3', 'enter', 'a0a3b32f6ed2', '2024-08-15 06:37:02'),
('U1e21404237c03fa2478afe43ef2c8586', '017e8168b3', 'enter', 'a0a3b32f6ed2', '2024-08-15 06:37:26'),
('U540dfe100a299c2600445340f8a3df21', '017e8168b3', 'enter', 'a0a3b32f6ed2', '2024-08-15 06:37:55'),
('Ud69554b2cca729fb65a1ca7ff6559dbb', '017e8168b3', 'enter', 'a0a3b32f6ed2', '2024-08-15 06:38:03'),
('U1e21404237c03fa2478afe43ef2c8586', '017e8168b3', 'enter', 'a0a3b32f6ed2', '2024-08-15 06:38:28'),
('U540dfe100a299c2600445340f8a3df21', '017e8168b3', 'enter', 'a0a3b32f6ed2', '2024-08-15 06:38:58'),
('Ud69554b2cca729fb65a1ca7ff6559dbb', '017e8168b3', 'enter', 'a0a3b32f6ed2', '2024-08-15 06:39:05'),
('U540dfe100a299c2600445340f8a3df21', '017e8168b3', 'enter', 'a0a3b32f6ed2', '2024-08-15 06:39:59'),
('Ud69554b2cca729fb65a1ca7ff6559dbb', '017e8168b3', 'enter', 'a0a3b32f6ed2', '2024-08-15 06:40:07'),
('U540dfe100a299c2600445340f8a3df21', '017e8168b3', 'enter', 'a0a3b32f6ed2', '2024-08-15 06:40:25'),
('U1e21404237c03fa2478afe43ef2c8586', '017e8168b3', 'enter', 'a0a3b32f6ed2', '2024-08-15 06:40:32'),
('U540dfe100a299c2600445340f8a3df21', '017e8168b3', 'enter', 'a0a3b32f6ed2', '2024-08-15 06:41:01'),
('Ud69554b2cca729fb65a1ca7ff6559dbb', '017e8168b3', 'enter', 'a0a3b32f6ed2', '2024-08-15 06:41:08'),
('U540dfe100a299c2600445340f8a3df21', '017e8168b3', 'enter', 'a0a3b32f6ed2', '2024-08-15 06:42:03'),
('Ud69554b2cca729fb65a1ca7ff6559dbb', '017e8168b3', 'enter', 'a0a3b32f6ed2', '2024-08-15 06:42:10'),
('U540dfe100a299c2600445340f8a3df21', '017e8168b3', 'enter', 'a0a3b32f6ed2', '2024-08-15 06:43:05'),
('Ud69554b2cca729fb65a1ca7ff6559dbb', '017e8168b3', 'enter', 'a0a3b32f6ed2', '2024-08-15 06:43:12'),
('U540dfe100a299c2600445340f8a3df21', '017e8168b3', 'enter', 'a0a3b32f6ed2', '2024-08-15 06:44:07'),
('Ud69554b2cca729fb65a1ca7ff6559dbb', '017e8168b3', 'enter', 'a0a3b32f6ed2', '2024-08-15 06:44:13'),
('U540dfe100a299c2600445340f8a3df21', '017e8168b3', 'enter', 'a0a3b32f6ed2', '2024-08-15 06:45:09'),
('Ud69554b2cca729fb65a1ca7ff6559dbb', '017e8168b3', 'enter', 'a0a3b32f6ed2', '2024-08-15 06:45:15'),
('U540dfe100a299c2600445340f8a3df21', '017e8168b3', 'enter', 'a0a3b32f6ed2', '2024-08-15 06:46:11'),
('U540dfe100a299c2600445340f8a3df21', '017e8168b3', 'enter', 'a0a3b32f6ed2', '2024-08-15 06:47:14'),
('U540dfe100a299c2600445340f8a3df21', '017e8168b3', 'enter', 'a0a3b32f6ed2', '2024-08-15 06:48:15'),
('U540dfe100a299c2600445340f8a3df21', '017e8168b3', 'enter', 'a0a3b32f6ed2', '2024-08-15 06:49:17'),
('Ud69554b2cca729fb65a1ca7ff6559dbb', '017e8168b3', 'enter', 'a0a3b32f6ed2', '2024-08-15 06:49:18'),
('U540dfe100a299c2600445340f8a3df21', '017e8168b3', 'enter', 'a0a3b32f6ed2', '2024-08-15 06:50:19'),
('U540dfe100a299c2600445340f8a3df21', '017e8168b3', 'enter', 'a0a3b32f6ed2', '2024-08-15 06:51:21'),
('U540dfe100a299c2600445340f8a3df21', '017e8168b3', 'enter', 'a0a3b32f6ed2', '2024-08-15 06:52:23'),
('Ud69554b2cca729fb65a1ca7ff6559dbb', '017e8168b3', 'enter', 'a0a3b32f6ed2', '2024-08-15 06:53:35'),
('Ud69554b2cca729fb65a1ca7ff6559dbb', '017e8168b3', 'enter', 'a0a3b32f6ed2', '2024-08-15 06:54:37'),
('Ud69554b2cca729fb65a1ca7ff6559dbb', '017e8168b3', 'enter', 'a0a3b32f6ed2', '2024-08-15 06:55:39'),
('Ud69554b2cca729fb65a1ca7ff6559dbb', '017e8168b3', 'enter', 'a0a3b32f6ed2', '2024-08-15 06:56:41'),
('Ud69554b2cca729fb65a1ca7ff6559dbb', '017e8168b3', 'enter', 'a0a3b32f6ed2', '2024-08-15 06:57:43'),
('Ud69554b2cca729fb65a1ca7ff6559dbb', '017e8168b3', 'enter', 'a0a3b32f6ed2', '2024-08-15 06:58:45'),
('Ud69554b2cca729fb65a1ca7ff6559dbb', '017e8168b3', 'enter', 'a0a3b32f6ed2', '2024-08-15 06:59:48'),
('Ud69554b2cca729fb65a1ca7ff6559dbb', '017e8168b3', 'enter', 'a0a3b32f6ed2', '2024-08-15 07:00:49'),
('Ud69554b2cca729fb65a1ca7ff6559dbb', '017e8168b3', 'enter', 'a0a3b32f6ed2', '2024-08-15 07:01:52'),
('Ud69554b2cca729fb65a1ca7ff6559dbb', '017e8168b3', 'enter', 'a0a3b32f6ed2', '2024-08-15 07:02:54'),
('Ud69554b2cca729fb65a1ca7ff6559dbb', '017e8168b3', 'enter', 'a0a3b32f6ed2', '2024-08-15 07:03:56'),
('Ud69554b2cca729fb65a1ca7ff6559dbb', '017e8168b3', 'enter', 'a0a3b32f6ed2', '2024-08-15 07:04:58'),
('Ud69554b2cca729fb65a1ca7ff6559dbb', '017e8168b3', 'enter', 'a0a3b32f6ed2', '2024-08-15 07:05:59'),
('Ud69554b2cca729fb65a1ca7ff6559dbb', '017e8168b3', 'enter', 'a0a3b32f6ed2', '2024-08-15 07:07:02'),
('Ud69554b2cca729fb65a1ca7ff6559dbb', '017e8168b3', 'enter', 'a0a3b32f6ed2', '2024-08-15 07:08:03'),
('Ud69554b2cca729fb65a1ca7ff6559dbb', '017e8168b3', 'enter', 'a0a3b32f6ed2', '2024-08-15 07:09:06'),
('U1e21404237c03fa2478afe43ef2c8586', '017e8168b3', 'enter', 'a0a3b32f6ed2', '2024-08-15 19:34:04'),
('U1e21404237c03fa2478afe43ef2c8586', '017e8168b3', 'enter', 'a0a3b32f6ed2', '2024-08-15 19:35:07'),
('U03802540cdd020d7fc12b2b554f1fa35', '017e8168b3', 'enter', 'a0a3b32fadf2', '2024-08-15 19:35:12'),
('U1e21404237c03fa2478afe43ef2c8586', '017e8168b3', 'enter', 'a0a3b32f6ed2', '2024-08-15 19:36:08'),
('U1e21404237c03fa2478afe43ef2c8586', '017e8168b3', 'enter', 'a0a3b32fadf2', '2024-08-15 19:36:17'),
('U1e21404237c03fa2478afe43ef2c8586', '017e8168b3', 'enter', 'a0a3b32f6ed2', '2024-08-15 19:37:10'),
('U1e21404237c03fa2478afe43ef2c8586', '017e8168b3', 'enter', 'a0a3b32fadf2', '2024-08-15 19:37:19'),
('U1e21404237c03fa2478afe43ef2c8586', '017e8168b3', 'enter', 'a0a3b32f6ed2', '2024-08-15 19:38:13'),
('U1e21404237c03fa2478afe43ef2c8586', '017e8168b3', 'enter', 'a0a3b32fadf2', '2024-08-15 19:38:21'),
('U1e21404237c03fa2478afe43ef2c8586', '017e8168b3', 'enter', 'a0a3b32f6ed2', '2024-08-15 19:39:16'),
('U1e21404237c03fa2478afe43ef2c8586', '017e8168b3', 'enter', 'a0a3b32fadf2', '2024-08-15 19:39:23'),
('U1e21404237c03fa2478afe43ef2c8586', '017e8168b3', 'enter', 'a0a3b32f6ed2', '2024-08-15 19:40:17'),
('U1e21404237c03fa2478afe43ef2c8586', '017e8168b3', 'enter', 'a0a3b32fadf2', '2024-08-15 19:40:25'),
('U1e21404237c03fa2478afe43ef2c8586', '017e8168b3', 'enter', 'a0a3b32f6ed2', '2024-08-15 19:41:19'),
('U1e21404237c03fa2478afe43ef2c8586', '017e8168b3', 'enter', 'a0a3b32fadf2', '2024-08-15 19:41:26'),
('U1e21404237c03fa2478afe43ef2c8586', '017e8168b3', 'enter', 'a0a3b32f6ed2', '2024-08-15 19:42:21'),
('U1e21404237c03fa2478afe43ef2c8586', '017e8168b3', 'enter', 'a0a3b32fadf2', '2024-08-15 19:42:28'),
('U1e21404237c03fa2478afe43ef2c8586', '017e8168b3', 'enter', 'a0a3b32f6ed2', '2024-08-15 19:43:23'),
('U1e21404237c03fa2478afe43ef2c8586', '017e8168b3', 'enter', 'a0a3b32fadf2', '2024-08-15 19:43:29'),
('U1e21404237c03fa2478afe43ef2c8586', '017e8168b3', 'enter', 'a0a3b32f6ed2', '2024-08-15 19:44:25'),
('U1e21404237c03fa2478afe43ef2c8586', '017e8168b3', 'enter', 'a0a3b32fadf2', '2024-08-15 19:44:31'),
('U1e21404237c03fa2478afe43ef2c8586', '017e8168b3', 'enter', 'a0a3b32fadf2', '2024-08-15 19:45:33'),
('U1e21404237c03fa2478afe43ef2c8586', '017e8168b3', 'enter', 'a0a3b32f6ed2', '2024-08-15 19:46:29'),
('U1e21404237c03fa2478afe43ef2c8586', '017e8168b3', 'enter', 'a0a3b32fadf2', '2024-08-15 19:46:35'),
('U1e21404237c03fa2478afe43ef2c8586', '017e8168b3', 'enter', 'a0a3b32f6ed2', '2024-08-15 19:47:31'),
('U1e21404237c03fa2478afe43ef2c8586', '017e8168b3', 'enter', 'a0a3b32fadf2', '2024-08-15 19:47:37'),
('U1e21404237c03fa2478afe43ef2c8586', '017e8168b3', 'enter', 'a0a3b32f6ed2', '2024-08-15 19:48:33'),
('U1e21404237c03fa2478afe43ef2c8586', '017e8168b3', 'enter', 'a0a3b32fadf2', '2024-08-15 19:48:38'),
('U1e21404237c03fa2478afe43ef2c8586', '017e8168b3', 'enter', 'a0a3b32f6ed2', '2024-08-15 19:49:35'),
('U1e21404237c03fa2478afe43ef2c8586', '017e8168b3', 'enter', 'a0a3b32fadf2', '2024-08-15 19:49:40'),
('U1e21404237c03fa2478afe43ef2c8586', '017e8168b3', 'enter', 'a0a3b32fadf2', '2024-08-15 19:50:42'),
('U1e21404237c03fa2478afe43ef2c8586', '017e8168b3', 'enter', 'a0a3b32fadf2', '2024-08-15 19:51:27'),
('U540dfe100a299c2600445340f8a3df21', '017e8168b3', 'enter', 'a0a3b32f6ed2', '2024-08-16 01:18:53'),
('U540dfe100a299c2600445340f8a3df21', '017e8168b3', 'enter', 'a0a3b32fadf2', '2024-08-16 01:19:47'),
('U540dfe100a299c2600445340f8a3df21', '017e8168b3', 'enter', 'a0a3b32f6ed2', '2024-08-16 01:19:55'),
('U540dfe100a299c2600445340f8a3df21', '017e8168b3', 'enter', 'a0a3b32f6ed2', '2024-08-16 01:20:57'),
('U540dfe100a299c2600445340f8a3df21', '017e8168b3', 'enter', 'a0a3b32f6ed2', '2024-08-16 01:21:59'),
('U540dfe100a299c2600445340f8a3df21', '017e8168b3', 'enter', 'a0a3b32f6ed2', '2024-08-16 01:23:01'),
('U540dfe100a299c2600445340f8a3df21', '017e8168b3', 'enter', 'a0a3b32f6ed2', '2024-08-16 01:24:03'),
('U540dfe100a299c2600445340f8a3df21', '017e8168b3', 'enter', 'a0a3b32f6ed2', '2024-08-16 01:25:05'),
('Ucd461ad0baa54e8f7032408fda919058', '017e8168b3', 'enter', 'a0a3b32f6ed2', '2024-08-16 01:25:12'),
('U540dfe100a299c2600445340f8a3df21', '017e8168b3', 'enter', 'a0a3b32f6ed2', '2024-08-16 01:26:07'),
('U1e21404237c03fa2478afe43ef2c8586', '017e8168b3', 'enter', 'a0a3b32f6ed2', '2024-08-16 01:26:48'),
('U540dfe100a299c2600445340f8a3df21', '017e8168b3', 'enter', 'a0a3b32f6ed2', '2024-08-16 01:27:08'),
('U1e21404237c03fa2478afe43ef2c8586', '017e8168b3', 'enter', 'a0a3b32f6ed2', '2024-08-16 01:27:50'),
('U540dfe100a299c2600445340f8a3df21', '017e8168b3', 'enter', 'a0a3b32f6ed2', '2024-08-16 01:28:10'),
('U1e21404237c03fa2478afe43ef2c8586', '017e8168b3', 'enter', 'a0a3b32f6ed2', '2024-08-16 01:28:53'),
('U540dfe100a299c2600445340f8a3df21', '017e8168b3', 'enter', 'a0a3b32f6ed2', '2024-08-16 01:29:11'),
('Ua9bca43a6bbdafda2fb1ac3f6ede7408', '017e8168b3', 'enter', 'a0a3b32f6ed2', '2024-08-16 01:29:17'),
('Ua9bca43a6bbdafda2fb1ac3f6ede7408', '017e8168b3', 'enter', 'a0a3b32f6ed2', '2024-08-16 01:29:35'),
('U1e21404237c03fa2478afe43ef2c8586', '017e8168b3', 'enter', 'a0a3b32f6ed2', '2024-08-16 01:29:54'),
('U540dfe100a299c2600445340f8a3df21', '017e8168b3', 'enter', 'a0a3b32f6ed2', '2024-08-16 01:30:13'),
('U1e21404237c03fa2478afe43ef2c8586', '017e8168b3', 'enter', 'a0a3b32f6ed2', '2024-08-16 01:30:55'),
('Uea6209e579f075aaf8e338d7b2178ea6', '017e8168b3', 'enter', 'a0a3b32f6ed2', '2024-08-16 01:31:05'),
('U540dfe100a299c2600445340f8a3df21', '017e8168b3', 'enter', 'a0a3b32f6ed2', '2024-08-16 01:31:14'),
('U1e21404237c03fa2478afe43ef2c8586', '017e8168b3', 'enter', 'a0a3b32f6ed2', '2024-08-16 01:31:57'),
('U540dfe100a299c2600445340f8a3df21', '017e8168b3', 'enter', 'a0a3b32f6ed2', '2024-08-16 01:32:16'),
('U1e21404237c03fa2478afe43ef2c8586', '017e8168b3', 'enter', 'a0a3b32f6ed2', '2024-08-16 01:32:59'),
('U540dfe100a299c2600445340f8a3df21', '017e8168b3', 'enter', 'a0a3b32f6ed2', '2024-08-16 01:33:18'),
('Uea6209e579f075aaf8e338d7b2178ea6', '017e8168b3', 'enter', 'a0a3b32f6ed2', '2024-08-16 01:33:53'),
('U1e21404237c03fa2478afe43ef2c8586', '017e8168b3', 'enter', 'a0a3b32f6ed2', '2024-08-16 01:34:01'),
('U540dfe100a299c2600445340f8a3df21', '017e8168b3', 'enter', 'a0a3b32f6ed2', '2024-08-16 01:34:19'),
('Ua9bca43a6bbdafda2fb1ac3f6ede7408', '017e8168b3', 'enter', 'a0a3b32f6ed2', '2024-08-16 01:34:28'),
('Uea6209e579f075aaf8e338d7b2178ea6', '017e8168b3', 'enter', 'a0a3b32fadf2', '2024-08-16 01:35:02'),
('U1e21404237c03fa2478afe43ef2c8586', '017e8168b3', 'enter', 'a0a3b32f6ed2', '2024-08-16 01:35:02'),
('U1e21404237c03fa2478afe43ef2c8586', '017e8168b3', 'enter', 'a0a3b32f6ed2', '2024-08-16 01:36:04'),
('U1e21404237c03fa2478afe43ef2c8586', '017e8168b3', 'enter', 'a0a3b32f6ed2', '2024-08-16 01:37:06'),
('U1e21404237c03fa2478afe43ef2c8586', '017e8168b3', 'enter', 'a0a3b32f6ed2', '2024-08-16 01:38:07'),
('U1e21404237c03fa2478afe43ef2c8586', '017e8168b3', 'enter', 'a0a3b32f6ed2', '2024-08-16 01:39:10'),
('U1e21404237c03fa2478afe43ef2c8586', '017e8168b3', 'enter', 'a0a3b32f6ed2', '2024-08-16 01:40:12'),
('U5c5f43cceb3f5e15bf600b5cb656b3f2', '017e8168b3', 'enter', 'a0a3b32f6ed2', '2024-08-16 01:40:39'),
('U1e21404237c03fa2478afe43ef2c8586', '017e8168b3', 'enter', 'a0a3b32f6ed2', '2024-08-16 01:41:14'),
('Ud7bc72c90a6ddd58000d24758e976e02', '017e8168b3', 'enter', 'a0a3b32f6ed2', '2024-08-16 01:41:16'),
('U5c5f43cceb3f5e15bf600b5cb656b3f2', '017e8168b3', 'enter', 'a0a3b32f6ed2', '2024-08-16 01:41:41'),
('U1e21404237c03fa2478afe43ef2c8586', '017e8168b3', 'enter', 'a0a3b32f6ed2', '2024-08-16 01:42:16'),
('U5c5f43cceb3f5e15bf600b5cb656b3f2', '017e8168b3', 'enter', 'a0a3b32f6ed2', '2024-08-16 01:42:42'),
('Ue061e0cf038cd1e113c798156625ed5e', '017e8168b3', 'enter', 'a0a3b32f6ed2', '2024-08-16 01:43:04'),
('Ue061e0cf038cd1e113c798156625ed5e', '017e8168b3', 'enter', 'a0a3b32f6ed2', '2024-08-16 01:43:26'),
('U5c5f43cceb3f5e15bf600b5cb656b3f2', '017e8168b3', 'enter', 'a0a3b32f6ed2', '2024-08-16 01:43:44'),
('U2f74ffba5f09dba0044b73ac2f4a38a9', '017e8168b3', 'enter', 'a0a3b32f6ed2', '2024-08-16 01:44:14'),
('U5c5f43cceb3f5e15bf600b5cb656b3f2', '017e8168b3', 'enter', 'a0a3b32f6ed2', '2024-08-16 01:44:47'),
('U5c5f43cceb3f5e15bf600b5cb656b3f2', '017e8168b3', 'enter', 'a0a3b32f6ed2', '2024-08-16 01:45:49'),
('U2f74ffba5f09dba0044b73ac2f4a38a9', '017e8168b3', 'enter', 'a0a3b32f6ed2', '2024-08-16 01:46:32'),
('U5c5f43cceb3f5e15bf600b5cb656b3f2', '017e8168b3', 'enter', 'a0a3b32f6ed2', '2024-08-16 01:46:49'),
('U2f74ffba5f09dba0044b73ac2f4a38a9', '017e8168b3', 'enter', 'a0a3b32f6ed2', '2024-08-16 01:47:34'),
('U5c5f43cceb3f5e15bf600b5cb656b3f2', '017e8168b3', 'enter', 'a0a3b32f6ed2', '2024-08-16 01:47:51'),
('U2f74ffba5f09dba0044b73ac2f4a38a9', '017e8168b3', 'enter', 'a0a3b32f6ed2', '2024-08-16 01:48:36'),
('U5c5f43cceb3f5e15bf600b5cb656b3f2', '017e8168b3', 'enter', 'a0a3b32f6ed2', '2024-08-16 01:48:52'),
('U2f74ffba5f09dba0044b73ac2f4a38a9', '017e8168b3', 'enter', 'a0a3b32f6ed2', '2024-08-16 01:49:38'),
('U5c5f43cceb3f5e15bf600b5cb656b3f2', '017e8168b3', 'enter', 'a0a3b32f6ed2', '2024-08-16 01:49:53'),
('U2f74ffba5f09dba0044b73ac2f4a38a9', '017e8168b3', 'enter', 'a0a3b32f6ed2', '2024-08-16 01:50:41'),
('U5c5f43cceb3f5e15bf600b5cb656b3f2', '017e8168b3', 'enter', 'a0a3b32f6ed2', '2024-08-16 01:50:55'),
('U2f74ffba5f09dba0044b73ac2f4a38a9', '017e8168b3', 'enter', 'a0a3b32f6ed2', '2024-08-16 01:51:43'),
('U5c5f43cceb3f5e15bf600b5cb656b3f2', '017e8168b3', 'enter', 'a0a3b32f6ed2', '2024-08-16 01:51:56'),
('U2f74ffba5f09dba0044b73ac2f4a38a9', '017e8168b3', 'enter', 'a0a3b32f6ed2', '2024-08-16 01:52:44'),
('U5c5f43cceb3f5e15bf600b5cb656b3f2', '017e8168b3', 'enter', 'a0a3b32f6ed2', '2024-08-16 01:52:58'),
('U2f74ffba5f09dba0044b73ac2f4a38a9', '017e8168b3', 'enter', 'a0a3b32f6ed2', '2024-08-16 01:53:46'),
('U5c5f43cceb3f5e15bf600b5cb656b3f2', '017e8168b3', 'enter', 'a0a3b32f6ed2', '2024-08-16 01:54:00'),
('U2f74ffba5f09dba0044b73ac2f4a38a9', '017e8168b3', 'enter', 'a0a3b32f6ed2', '2024-08-16 01:54:49'),
('U5c5f43cceb3f5e15bf600b5cb656b3f2', '017e8168b3', 'enter', 'a0a3b32f6ed2', '2024-08-16 01:55:01'),
('U2f74ffba5f09dba0044b73ac2f4a38a9', '017e8168b3', 'enter', 'a0a3b32f6ed2', '2024-08-16 01:55:50'),
('U5c5f43cceb3f5e15bf600b5cb656b3f2', '017e8168b3', 'enter', 'a0a3b32f6ed2', '2024-08-16 01:56:03'),
('U2f74ffba5f09dba0044b73ac2f4a38a9', '017e8168b3', 'enter', 'a0a3b32f6ed2', '2024-08-16 01:56:52'),
('U2f74ffba5f09dba0044b73ac2f4a38a9', '017e8168b3', 'enter', 'a0a3b32f6ed2', '2024-08-16 01:57:54'),
('Uf78a799945b73c6163f3b9312d22e9fb', '017e8168b3', 'enter', 'a0a3b32f6ed2', '2024-08-16 01:58:40'),
('U2f74ffba5f09dba0044b73ac2f4a38a9', '017e8168b3', 'enter', 'a0a3b32f6ed2', '2024-08-16 01:58:56'),
('Uf78a799945b73c6163f3b9312d22e9fb', '017e8168b3', 'enter', 'a0a3b32f6ed2', '2024-08-16 01:59:43'),
('U2f74ffba5f09dba0044b73ac2f4a38a9', '017e8168b3', 'enter', 'a0a3b32f6ed2', '2024-08-16 01:59:58'),
('Uf78a799945b73c6163f3b9312d22e9fb', '017e8168b3', 'enter', 'a0a3b32f6ed2', '2024-08-16 02:00:44'),
('U2f74ffba5f09dba0044b73ac2f4a38a9', '017e8168b3', 'enter', 'a0a3b32f6ed2', '2024-08-16 02:00:59'),
('Uf78a799945b73c6163f3b9312d22e9fb', '017e8168b3', 'enter', 'a0a3b32f6ed2', '2024-08-16 02:01:46'),
('U2f74ffba5f09dba0044b73ac2f4a38a9', '017e8168b3', 'enter', 'a0a3b32f6ed2', '2024-08-16 02:02:01'),
('Uf78a799945b73c6163f3b9312d22e9fb', '017e8168b3', 'enter', 'a0a3b32f6ed2', '2024-08-16 02:02:48'),
('Uf78a799945b73c6163f3b9312d22e9fb', '017e8168b3', 'enter', 'a0a3b32f6ed2', '2024-08-16 02:03:49'),
('Uf78a799945b73c6163f3b9312d22e9fb', '017e8168b3', 'enter', 'a0a3b32f6ed2', '2024-08-16 02:04:52'),
('Uc8c62a8bc8ad087fe5b8321d746b375e', '017e8168b3', 'enter', 'a0a3b32f6ed2', '2024-08-16 02:05:40'),
('Uf78a799945b73c6163f3b9312d22e9fb', '017e8168b3', 'enter', 'a0a3b32f6ed2', '2024-08-16 02:05:53'),
('Uc8c62a8bc8ad087fe5b8321d746b375e', '017e8168b3', 'enter', 'a0a3b32f6ed2', '2024-08-16 02:06:42'),
('Uf78a799945b73c6163f3b9312d22e9fb', '017e8168b3', 'enter', 'a0a3b32f6ed2', '2024-08-16 02:06:55'),
('U593d7f3ed4323e241f16f8aa83c0f82a', '017e8168b3', 'enter', 'a0a3b32f6ed2', '2024-08-16 02:07:20'),
('Uc8c62a8bc8ad087fe5b8321d746b375e', '017e8168b3', 'enter', 'a0a3b32f6ed2', '2024-08-16 02:07:43'),
('Uc8c62a8bc8ad087fe5b8321d746b375e', '017e8168b3', 'enter', 'a0a3b32f6ed2', '2024-08-16 02:07:51'),
('Uf78a799945b73c6163f3b9312d22e9fb', '017e8168b3', 'enter', 'a0a3b32f6ed2', '2024-08-16 02:07:57'),
('Uc8c62a8bc8ad087fe5b8321d746b375e', '017e8168b3', 'enter', 'a0a3b32f6ed2', '2024-08-16 02:08:45'),
('Uf78a799945b73c6163f3b9312d22e9fb', '017e8168b3', 'enter', 'a0a3b32f6ed2', '2024-08-16 02:08:58'),
('Uc8c62a8bc8ad087fe5b8321d746b375e', '017e8168b3', 'enter', 'a0a3b32f6ed2', '2024-08-16 02:09:48'),
('Uf78a799945b73c6163f3b9312d22e9fb', '017e8168b3', 'enter', 'a0a3b32f6ed2', '2024-08-16 02:10:00'),
('Uc8c62a8bc8ad087fe5b8321d746b375e', '017e8168b3', 'enter', 'a0a3b32f6ed2', '2024-08-16 02:10:50'),
('Uf78a799945b73c6163f3b9312d22e9fb', '017e8168b3', 'enter', 'a0a3b32f6ed2', '2024-08-16 02:11:01'),
('Uc8c62a8bc8ad087fe5b8321d746b375e', '017e8168b3', 'enter', 'a0a3b32f6ed2', '2024-08-16 02:11:51'),
('Uf78a799945b73c6163f3b9312d22e9fb', '017e8168b3', 'enter', 'a0a3b32f6ed2', '2024-08-16 02:12:03'),
('Uc8c62a8bc8ad087fe5b8321d746b375e', '017e8168b3', 'enter', 'a0a3b32f6ed2', '2024-08-16 02:12:54'),
('Uf78a799945b73c6163f3b9312d22e9fb', '017e8168b3', 'enter', 'a0a3b32f6ed2', '2024-08-16 02:13:05'),
('Uc8c62a8bc8ad087fe5b8321d746b375e', '017e8168b3', 'enter', 'a0a3b32f6ed2', '2024-08-16 02:14:58'),
('Uc8c62a8bc8ad087fe5b8321d746b375e', '017e8168b3', 'enter', 'a0a3b32f6ed2', '2024-08-16 02:16:00'),
('Uc8c62a8bc8ad087fe5b8321d746b375e', '017e8168b3', 'enter', 'a0a3b32f6ed2', '2024-08-16 02:17:02'),
('Uc8c62a8bc8ad087fe5b8321d746b375e', '017e8168b3', 'enter', 'a0a3b32f6ed2', '2024-08-16 02:18:04'),
('Uc8c62a8bc8ad087fe5b8321d746b375e', '017e8168b3', 'enter', 'a0a3b32f6ed2', '2024-08-16 02:19:06'),
('Uc8c62a8bc8ad087fe5b8321d746b375e', '017e8168b3', 'enter', 'a0a3b32f6ed2', '2024-08-16 02:20:08'),
('U83ec3cd97724b88aa52f0b85adb01368', '017e8168b3', 'enter', 'a0a3b32f6ed2', '2024-08-16 02:20:15'),
('U051cdf98fec0d5e7ed46c51882269f8c', '017e8168b3', 'enter', 'a0a3b32f6ed2', '2024-08-16 02:20:27'),
('Uc8c62a8bc8ad087fe5b8321d746b375e', '017e8168b3', 'enter', 'a0a3b32f6ed2', '2024-08-16 02:21:10'),
('Ue27bf4b7d0e26a6a57bbcb06118ab342', '017e8168b3', 'enter', 'a0a3b32f6ed2', '2024-08-16 02:32:32'),
('Ue27bf4b7d0e26a6a57bbcb06118ab342', '017e8168b3', 'enter', 'a0a3b32f6ed2', '2024-08-16 02:33:45'),
('U842418641e4f0d344cb26bd8f5ab2c29', '017e8168b3', 'enter', 'a0a3b32f6ed2', '2024-08-16 02:35:32'),
('Ue27bf4b7d0e26a6a57bbcb06118ab342', '017e8168b3', 'enter', 'a0a3b32f6ed2', '2024-08-16 02:35:38'),
('Uf94bfd6dd54c89fd29235a70e4100d2b', '017e8168b3', 'enter', 'a0a3b32f6ed2', '2024-08-16 02:35:58'),
('Uf94bfd6dd54c89fd29235a70e4100d2b', '017e8168b3', 'enter', 'a0a3b32f6ed2', '2024-08-16 02:37:00'),
('U3f523cc85e55ff21fbfed4bf86f9a5ac', '017e8168b3', 'enter', 'a0a3b32f6ed2', '2024-08-16 02:37:03'),
('Uf94bfd6dd54c89fd29235a70e4100d2b', '017e8168b3', 'enter', 'a0a3b32f6ed2', '2024-08-16 02:38:02'),
('Uf94bfd6dd54c89fd29235a70e4100d2b', '017e8168b3', 'enter', 'a0a3b32f6ed2', '2024-08-16 02:39:04'),
('Uf94bfd6dd54c89fd29235a70e4100d2b', '017e8168b3', 'enter', 'a0a3b32f6ed2', '2024-08-16 02:40:06'),
('Uf94bfd6dd54c89fd29235a70e4100d2b', '017e8168b3', 'enter', 'a0a3b32f6ed2', '2024-08-16 02:41:08'),
('Uf94bfd6dd54c89fd29235a70e4100d2b', '017e8168b3', 'enter', 'a0a3b32f6ed2', '2024-08-16 02:43:11'),
('Uf94bfd6dd54c89fd29235a70e4100d2b', '017e8168b3', 'enter', 'a0a3b32f6ed2', '2024-08-16 02:44:14'),
('Uf94bfd6dd54c89fd29235a70e4100d2b', '017e8168b3', 'enter', 'a0a3b32f6ed2', '2024-08-16 02:45:16'),
('Udab6ff49e92b83967bfd54f79725d284', '017e8168b3', 'enter', 'a0a3b32f6ed2', '2024-08-16 02:45:32'),
('Uf94bfd6dd54c89fd29235a70e4100d2b', '017e8168b3', 'enter', 'a0a3b32f6ed2', '2024-08-16 02:46:17'),
('U21f8580f2d3ec646d429fd52ea44a6d8', '017e8168b3', 'enter', 'a0a3b32f6ed2', '2024-08-16 02:46:57'),
('Uf94bfd6dd54c89fd29235a70e4100d2b', '017e8168b3', 'enter', 'a0a3b32f6ed2', '2024-08-16 02:47:19'),
('Uf94bfd6dd54c89fd29235a70e4100d2b', '017e8168b3', 'enter', 'a0a3b32f6ed2', '2024-08-16 02:48:21'),
('Uf94bfd6dd54c89fd29235a70e4100d2b', '017e8168b3', 'enter', 'a0a3b32f6ed2', '2024-08-16 02:49:22'),
('Uf94bfd6dd54c89fd29235a70e4100d2b', '017e8168b3', 'enter', 'a0a3b32f6ed2', '2024-08-16 02:50:24'),
('Uf94bfd6dd54c89fd29235a70e4100d2b', '017e8168b3', 'enter', 'a0a3b32f6ed2', '2024-08-16 02:51:26'),
('U038ae212857bb957507ed02425738998', '017e8168b3', 'enter', 'a0a3b32f6ed2', '2024-08-16 03:03:21'),
('U038ae212857bb957507ed02425738998', '017e8168b3', 'enter', 'a0a3b32f6ed2', '2024-08-16 03:03:44'),
('Uf79efe05715f807c03f647036aed84fd', '017e8168b3', 'enter', 'a0a3b32f6ed2', '2024-08-16 03:11:03'),
('Uf79efe05715f807c03f647036aed84fd', '017e8168b3', 'enter', 'a0a3b32f6ed2', '2024-08-16 03:12:05'),
('Uf79efe05715f807c03f647036aed84fd', '017e8168b3', 'enter', 'a0a3b32f6ed2', '2024-08-16 03:13:07'),
('U204bfcc40914a147997e4524157a2403', '017e8168b3', 'enter', 'a0a3b32f6ed2', '2024-08-16 03:14:09'),
('Uf79efe05715f807c03f647036aed84fd', '017e8168b3', 'enter', 'a0a3b32f6ed2', '2024-08-16 03:14:09'),
('U6622f5d7724bcc7c05c54d0deb213c98', '017e8168b3', 'enter', 'a0a3b32f6ed2', '2024-08-16 03:14:27'),
('Uf79efe05715f807c03f647036aed84fd', '017e8168b3', 'enter', 'a0a3b32f6ed2', '2024-08-16 03:15:11'),
('Uf79efe05715f807c03f647036aed84fd', '017e8168b3', 'enter', 'a0a3b32f6ed2', '2024-08-16 03:16:12'),
('Uf79efe05715f807c03f647036aed84fd', '017e8168b3', 'enter', 'a0a3b32f6ed2', '2024-08-16 03:17:15'),
('Uf79efe05715f807c03f647036aed84fd', '017e8168b3', 'enter', 'a0a3b32f6ed2', '2024-08-16 03:18:17'),
('Uc2930c25a6c52c8d906cb48c3d0875b8', '017e8168b3', 'enter', 'a0a3b32f6ed2', '2024-08-16 03:18:40'),
('Uf79efe05715f807c03f647036aed84fd', '017e8168b3', 'enter', 'a0a3b32f6ed2', '2024-08-16 03:19:18'),
('Uc8aff9d6a031af6cd83e32645f3edc35', '017e8168b3', 'enter', 'a0a3b32f6ed2', '2024-08-16 03:20:59'),
('Uf79efe05715f807c03f647036aed84fd', '017e8168b3', 'enter', 'a0a3b32f6ed2', '2024-08-16 03:21:22'),
('Uc8aff9d6a031af6cd83e32645f3edc35', '017e8168b3', 'enter', 'a0a3b32f6ed2', '2024-08-16 03:22:02'),
('Uf79efe05715f807c03f647036aed84fd', '017e8168b3', 'enter', 'a0a3b32f6ed2', '2024-08-16 03:22:24'),
('Uc8aff9d6a031af6cd83e32645f3edc35', '017e8168b3', 'enter', 'a0a3b32f6ed2', '2024-08-16 03:23:03'),
('Uf79efe05715f807c03f647036aed84fd', '017e8168b3', 'enter', 'a0a3b32f6ed2', '2024-08-16 03:23:25'),
('Uc8aff9d6a031af6cd83e32645f3edc35', '017e8168b3', 'enter', 'a0a3b32f6ed2', '2024-08-16 03:24:05'),
('Uf79efe05715f807c03f647036aed84fd', '017e8168b3', 'enter', 'a0a3b32f6ed2', '2024-08-16 03:24:27'),
('Uc8aff9d6a031af6cd83e32645f3edc35', '017e8168b3', 'enter', 'a0a3b32f6ed2', '2024-08-16 03:25:07'),
('Uf79efe05715f807c03f647036aed84fd', '017e8168b3', 'enter', 'a0a3b32f6ed2', '2024-08-16 03:25:29'),
('U03802540cdd020d7fc12b2b554f1fa35', '017e8168b3', 'enter', 'a0a3b32f6ed2', '2024-08-16 03:25:47'),
('Uc8aff9d6a031af6cd83e32645f3edc35', '017e8168b3', 'enter', 'a0a3b32f6ed2', '2024-08-16 03:26:08'),
('Uf79efe05715f807c03f647036aed84fd', '017e8168b3', 'enter', 'a0a3b32f6ed2', '2024-08-16 03:26:31'),
('Uc8aff9d6a031af6cd83e32645f3edc35', '017e8168b3', 'enter', 'a0a3b32f6ed2', '2024-08-16 03:27:10'),
('Uc8aff9d6a031af6cd83e32645f3edc35', '017e8168b3', 'enter', 'a0a3b32f6ed2', '2024-08-16 03:28:11'),
('Uc8aff9d6a031af6cd83e32645f3edc35', '017e8168b3', 'enter', 'a0a3b32f6ed2', '2024-08-16 03:29:13'),
('Uc8aff9d6a031af6cd83e32645f3edc35', '017e8168b3', 'enter', 'a0a3b32f6ed2', '2024-08-16 03:30:14'),
('Uc8aff9d6a031af6cd83e32645f3edc35', '017e8168b3', 'enter', 'a0a3b32f6ed2', '2024-08-16 03:31:16'),
('Uc8aff9d6a031af6cd83e32645f3edc35', '017e8168b3', 'enter', 'a0a3b32f6ed2', '2024-08-16 03:32:18'),
('Uc8aff9d6a031af6cd83e32645f3edc35', '017e8168b3', 'enter', 'a0a3b32f6ed2', '2024-08-16 03:33:20'),
('Uc8aff9d6a031af6cd83e32645f3edc35', '017e8168b3', 'enter', 'a0a3b32f6ed2', '2024-08-16 03:34:22'),
('Uc8aff9d6a031af6cd83e32645f3edc35', '017e8168b3', 'enter', 'a0a3b32f6ed2', '2024-08-16 03:35:23'),
('Uc8aff9d6a031af6cd83e32645f3edc35', '017e8168b3', 'enter', 'a0a3b32f6ed2', '2024-08-16 03:36:25'),
('Udede2d1b9e5d8282a0dabd560ef43b64', '017e8168b3', 'enter', 'a0a3b32f6ed2', '2024-08-16 03:43:50'),
('U1e21404237c03fa2478afe43ef2c8586', '017e8168b3', 'enter', 'a0a3b32f6ed2', '2024-08-16 04:31:51'),
('U1e21404237c03fa2478afe43ef2c8586', '017e8168b3', 'enter', 'a0a3b32f6ed2', '2024-08-16 04:32:53'),
('U1e21404237c03fa2478afe43ef2c8586', '017e8168b3', 'enter', 'a0a3b32f6ed2', '2024-08-16 04:33:56'),
('U1e21404237c03fa2478afe43ef2c8586', '017e8168b3', 'enter', 'a0a3b32f6ed2', '2024-08-16 04:34:58'),
('U1e21404237c03fa2478afe43ef2c8586', '017e8168b3', 'enter', 'a0a3b32f6ed2', '2024-08-16 04:35:59'),
('U1e21404237c03fa2478afe43ef2c8586', '017e8168b3', 'enter', 'a0a3b32f6ed2', '2024-08-16 04:37:01'),
('U1e21404237c03fa2478afe43ef2c8586', '017e8168b3', 'enter', 'a0a3b32f6ed2', '2024-08-16 04:38:03'),
('U1e21404237c03fa2478afe43ef2c8586', '017e8168b3', 'enter', 'a0a3b32f6ed2', '2024-08-16 04:39:05'),
('U1e21404237c03fa2478afe43ef2c8586', '017e8168b3', 'enter', 'a0a3b32f6ed2', '2024-08-16 04:40:07'),
('U1e21404237c03fa2478afe43ef2c8586', '017e8168b3', 'enter', 'a0a3b32f6ed2', '2024-08-16 04:41:09'),
('U1e21404237c03fa2478afe43ef2c8586', '017e8168b3', 'enter', 'a0a3b32f6ed2', '2024-08-16 04:42:11'),
('U1e21404237c03fa2478afe43ef2c8586', '017e8168b3', 'enter', 'a0a3b32f6ed2', '2024-08-16 04:43:13'),
('U1e21404237c03fa2478afe43ef2c8586', '017e8168b3', 'enter', 'a0a3b32f6ed2', '2024-08-16 04:44:15'),
('U1e21404237c03fa2478afe43ef2c8586', '017e8168b3', 'enter', 'a0a3b32f6ed2', '2024-08-16 04:45:17'),
('U1e21404237c03fa2478afe43ef2c8586', '017e8168b3', 'enter', 'a0a3b32f6ed2', '2024-08-16 04:46:19'),
('new_user_id', '', '', 'new_dm', '2024-08-16 17:24:11'),
('Ue13aa3cd3fd5a5e1d4743d8621d48c55', '0176fdf975', 'enter', 'a0a3b32f6ed2', '2024-09-10 14:55:48'),
('Ue13aa3cd3fd5a5e1d4743d8621d48c55', '0176fdf975', 'enter', 'a0a3b32f6ed2', '2024-09-10 14:56:00'),
('Ue13aa3cd3fd5a5e1d4743d8621d48c55', '0176fdf975', 'enter', 'a0a3b32f6ed2', '2024-09-10 14:56:50'),
('Ue13aa3cd3fd5a5e1d4743d8621d48c55', '0176fdf975', 'enter', 'a0a3b32f6ed2', '2024-09-10 14:57:53'),
('Ue13aa3cd3fd5a5e1d4743d8621d48c55', '0176fdf975', 'enter', 'a0a3b32f6ed2', '2024-09-10 14:58:55'),
('Ue13aa3cd3fd5a5e1d4743d8621d48c55', '0176fdf975', 'enter', 'a0a3b32f6ed2', '2024-09-10 14:59:57'),
('Ue13aa3cd3fd5a5e1d4743d8621d48c55', '0176fdf975', 'enter', 'a0a3b32f6ed2', '2024-09-10 15:00:59'),
('Ue13aa3cd3fd5a5e1d4743d8621d48c55', '0176fdf975', 'enter', 'a0a3b32f6ed2', '2024-09-10 15:02:01'),
('Ue13aa3cd3fd5a5e1d4743d8621d48c55', '0176fdf975', 'enter', 'a0a3b32f6ed2', '2024-09-10 15:03:03'),
('Ue13aa3cd3fd5a5e1d4743d8621d48c55', '0176fdf975', 'enter', 'a0a3b32f6ed2', '2024-09-10 15:04:05'),
('Ue13aa3cd3fd5a5e1d4743d8621d48c55', '0176fdf975', 'enter', 'a0a3b32f6ed2', '2024-09-10 15:05:07'),
('Ue13aa3cd3fd5a5e1d4743d8621d48c55', '0176fdf975', 'enter', 'a0a3b32f6ed2', '2024-09-10 15:06:08'),
('Ue13aa3cd3fd5a5e1d4743d8621d48c55', '0176fdf975', 'enter', 'a0a3b32f6ed2', '2024-09-10 15:07:11'),
('Ue13aa3cd3fd5a5e1d4743d8621d48c55', '0176fdf975', 'enter', 'a0a3b32f6ed2', '2024-09-10 15:08:13'),
('Ue13aa3cd3fd5a5e1d4743d8621d48c55', '0176fdf975', 'enter', 'a0a3b32f6ed2', '2024-09-10 15:09:15'),
('Ue13aa3cd3fd5a5e1d4743d8621d48c55', '0176fdf975', 'enter', 'a0a3b32f6ed2', '2024-09-10 15:10:17'),
('Ue13aa3cd3fd5a5e1d4743d8621d48c55', '0176fdf975', 'enter', 'a0a3b32f6ed2', '2024-09-10 15:11:19'),
('Ufc8a7288417c56741daefb7a8968c9e6', '0176fdf975', 'enter', 'a0a3b32fadf2', '2024-10-07 16:11:21'),
('Ufc8a7288417c56741daefb7a8968c9e6', '0176fdf975', 'enter', 'a0a3b32fadf2', '2024-10-07 16:12:23'),
('Ue13aa3cd3fd5a5e1d4743d8621d48c55', '0176fdf975', 'enter', 'a0a3b32fadf2', '2024-10-07 16:16:20'),
('Ue13aa3cd3fd5a5e1d4743d8621d48c55', '0176fdf975', 'enter', 'a0a3b32fadf2', '2024-10-07 16:17:22'),
('Ue13aa3cd3fd5a5e1d4743d8621d48c55', '0176fdf975', 'enter', 'a0a3b32fadf2', '2024-10-07 16:18:23'),
('Ue13aa3cd3fd5a5e1d4743d8621d48c55', '0176fdf975', 'enter', 'a0a3b32fadf2', '2024-10-07 16:19:26'),
('Ue13aa3cd3fd5a5e1d4743d8621d48c55', '0176fdf975', 'enter', 'a0a3b32fadf2', '2024-10-07 16:20:28'),
('Ue13aa3cd3fd5a5e1d4743d8621d48c55', '0176fdf975', 'enter', 'a0a3b32fadf2', '2024-10-07 16:20:31');

-- --------------------------------------------------------

--
-- Table structure for table `student_info`
--

CREATE TABLE `student_info` (
  `id` int(11) NOT NULL,
  `userId` varchar(255) NOT NULL,
  `student_id` int(11) NOT NULL,
  `first_name` varchar(20) NOT NULL,
  `last_name` varchar(20) NOT NULL,
  `room_number` varchar(5) NOT NULL
) ENGINE=InnoDB DEFAULT CHARSET=utf8mb4 COLLATE=utf8mb4_unicode_ci;

--
-- Dumping data for table `student_info`
--

INSERT INTO `student_info` (`id`, `userId`, `student_id`, `first_name`, `last_name`, `room_number`) VALUES
(29, 'Ubc4a1c25369f55b03fdc4287acb58630', 644230056, 'สหรัฐ', 'วงษ์จันทร์', '5306'),
(30, 'Uab26a9e7e39322790615621984b5dc21', 644230039, 'ธิดารัตน์', 'ทองสินธุ์', '5423'),
(31, 'Ue13aa3cd3fd5a5e1d4743d8621d48c55', 644230059, 'ภิญโญ', 'สบายจัง', '5227');

-- --------------------------------------------------------

--
-- Table structure for table `user`
--

CREATE TABLE `user` (
  `id` int(11) NOT NULL,
  `user_id` varchar(255) NOT NULL,
  `name_line` varchar(255) NOT NULL,
  `created_at` timestamp NULL DEFAULT current_timestamp(),
  `role` enum('admin','officer','parent','student') DEFAULT 'parent',
  `status` enum('active','suspended') DEFAULT 'active'
) ENGINE=InnoDB DEFAULT CHARSET=utf8mb4 COLLATE=utf8mb4_unicode_ci;

--
-- Dumping data for table `user`
--

INSERT INTO `user` (`id`, `user_id`, `name_line`, `created_at`, `role`, `status`) VALUES
(1, 'U3e0588c05efce9eb3abd32c469345ab7', 'GOLF~', '2024-10-20 18:05:00', 'parent', 'active'),
(2, 'U2b0495491d05c037f3ab0b3bbb0a0805', 'N', '2024-08-02 19:53:10', 'officer', 'active'),
(4, 'U50eb09e258bdf6b2ce01a879afba02d2', 'Paibool', '2024-08-02 23:24:51', 'parent', 'active'),
(5, 'U2e67e01844c793dc0273c954db3bb279', '🦭', '2024-10-03 18:28:58', 'parent', 'active'),
(6, 'Ubdbde1daff855a6b89f2e0e61bbca3d4', 'phinyo', '2024-10-09 09:01:18', 'student', 'active'),
(7, 'Ue13aa3cd3fd5a5e1d4743d8621d48c55', 'Phinyo', '2024-08-04 15:29:21', 'student', 'active'),
(8, 'U2de726618ab74c0ece85717de6c55fec', 'ชนากานต์', '2024-10-09 09:27:21', 'officer', 'active'),
(9, 'Ucaf5f0990d42c9ffcf9ad44e0b43aa6c', 'Crepe', '2024-10-04 12:39:11', 'student', 'active'),
(10, 'Ubc4a1c25369f55b03fdc4287acb58630', 'Crepe', '2024-08-04 15:59:43', 'student', 'active'),
(12, 'Uab80f84f9993f09c60ee0362ed68f654', 'aom_trt', '2024-10-04 12:39:32', 'student', 'active'),
(13, 'Ud577882f5947c67a933028919f35ee0f', 'S_TTERR.S', '2024-10-09 08:28:10', 'parent', 'active'),
(14, 'U92de82359c08d7429e674dae3f812d5d', 'gigi ❀', '2024-08-16 20:39:12', 'parent', 'active'),
(15, 'U089b34b873a7566fd09994f3ace51533', 'Thanapon', '2024-10-03 20:33:36', 'admin', 'active'),
(16, 'U6e05fe48fa62c9ea70dd665b229998bc', 'น้อนลูกพีช🍑', '2024-10-05 08:41:11', 'admin', 'active'),
(17, 'Ua2f5cfb5b610f1cad3d105ab84c93c0a', 'Burinchai', '2024-09-02 14:28:16', 'parent', 'active'),
(18, 'U5918ea9dfb8f947a3d97be2e48ae18c2', 'Karan', '2024-09-02 14:40:04', 'parent', 'active'),
(19, 'U99d6ee9e615c0452b7a2584311816adc', 'Thod161', '2024-10-03 20:25:13', 'parent', 'active'),
(20, 'U58eaf22cfff9b26c704229e96bc965aa', 'A', '2024-09-08 07:54:38', 'parent', 'active'),
(21, 'U520f47103b4c4d83565db66e02cd2f24', 'เติ้ล', '2024-09-24 12:21:21', 'parent', 'active'),
(22, 'Uab26a9e7e39322790615621984b5dc21', 'aom_trt', '2024-10-04 12:40:00', 'student', 'active'),
(23, 'U50956a195456d9f014e454a140408230', 'PHanTawIT(•`_\'•)_==•', '2024-10-05 04:43:16', 'parent', 'active'),
(24, 'Uae4047d48cf72633f8df99586aed0ed6', 'Theerapat Patbang', '2024-10-09 09:34:14', 'parent', 'active');

--
-- Indexes for dumped tables
--

--
-- Indexes for table `beacon`
--
ALTER TABLE `beacon`
  ADD PRIMARY KEY (`dm`);

--
-- Indexes for table `beacon_info_student`
--
ALTER TABLE `beacon_info_student`
  ADD PRIMARY KEY (`userId`);

--
-- Indexes for table `parent_info`
--
ALTER TABLE `parent_info`
  ADD PRIMARY KEY (`id`),
  ADD KEY `student_id` (`student_id`);

--
-- Indexes for table `student_info`
--
ALTER TABLE `student_info`
  ADD PRIMARY KEY (`id`),
  ADD KEY `userId` (`userId`),
  ADD KEY `student_id` (`student_id`);

--
-- Indexes for table `user`
--
ALTER TABLE `user`
  ADD PRIMARY KEY (`id`),
  ADD UNIQUE KEY `user_id` (`user_id`);

--
-- AUTO_INCREMENT for dumped tables
--

--
-- AUTO_INCREMENT for table `parent_info`
--
ALTER TABLE `parent_info`
  MODIFY `id` int(11) NOT NULL AUTO_INCREMENT, AUTO_INCREMENT=48;

--
-- AUTO_INCREMENT for table `student_info`
--
ALTER TABLE `student_info`
  MODIFY `id` int(11) NOT NULL AUTO_INCREMENT, AUTO_INCREMENT=32;

--
-- AUTO_INCREMENT for table `user`
--
ALTER TABLE `user`
  MODIFY `id` int(11) NOT NULL AUTO_INCREMENT, AUTO_INCREMENT=25;

--
-- Constraints for dumped tables
--

--
-- Constraints for table `parent_info`
--
ALTER TABLE `parent_info`
  ADD CONSTRAINT `parent_info_ibfk_1` FOREIGN KEY (`student_id`) REFERENCES `student_info` (`student_id`);

--
-- Constraints for table `student_info`
--
ALTER TABLE `student_info`
  ADD CONSTRAINT `student_info_ibfk_1` FOREIGN KEY (`userId`) REFERENCES `user` (`user_id`);
COMMIT;

/*!40101 SET CHARACTER_SET_CLIENT=@OLD_CHARACTER_SET_CLIENT */;
/*!40101 SET CHARACTER_SET_RESULTS=@OLD_CHARACTER_SET_RESULTS */;
/*!40101 SET COLLATION_CONNECTION=@OLD_COLLATION_CONNECTION */;
